Series Name,Series Code,Country Name,Country Code,1980 [YR1980],1981 [YR1981],1982 [YR1982],1983 [YR1983],1984 [YR1984],1985 [YR1985],1986 [YR1986],1987 [YR1987],1988 [YR1988],1989 [YR1989],1990 [YR1990],1991 [YR1991],1992 [YR1992],1993 [YR1993],1994 [YR1994],1995 [YR1995],1996 [YR1996],1997 [YR1997],1998 [YR1998],1999 [YR1999],2000 [YR2000],2001 [YR2001],2002 [YR2002],2003 [YR2003],2004 [YR2004],2005 [YR2005],2006 [YR2006],2007 [YR2007],2008 [YR2008],2009 [YR2009],2010 [YR2010],2011 [YR2011],2012 [YR2012],2013 [YR2013],2014 [YR2014],2015 [YR2015],2016 [YR2016],2017 [YR2017],2018 [YR2018],2019 [YR2019],2020 [YR2020]
"GNI per capita, PPP (current international $)",NY.GNP.PCAP.PP.CD,Afghanistan,AFG,..,..,..,..,..,..,..,..,..,..,..,..,..,..,..,..,..,..,..,..,..,..,..,..,..,..,..,..,..,1520,1710,1700,1920,2020,2070,2110,2000,2090,2100,2190,2100
"GNI per capita, PPP (current international $)",NY.GNP.PCAP.PP.CD,Albania,ALB,..,..,..,..,..,..,..,..,..,..,2550,1880,1740,2110,2300,2700,3050,2780,3110,3550,3980,4440,4780,5130,5560,5980,6760,7490,8270,8670,9530,10210,10450,10750,11360,11800,12280,12800,13470,13830,13210
"GNI per capita, PPP (current international $)",NY.GNP.PCAP.PP.CD,Algeria,DZA,..,..,..,..,..,..,..,..,..,..,6660,6500,6690,6630,6530,6710,6970,7120,7490,7690,8030,8520,8930,9650,10140,10840,11320,12140,12540,12590,13060,13360,13130,12800,12700,11700,11510,11560,11610,11720,11090
"GNI per capita, PPP (current international $)",NY.GNP.PCAP.PP.CD,American Samoa,ASM,..,..,..,..,..,..,..,..,..,..,..,..,..,..,..,..,..,..,..,..,..,..,..,..,..,..,..,..,..,..,..,..,..,..,..,..,..,..,..,..,..
"GNI per capita, PPP (current international $)",NY.GNP.PCAP.PP.CD,Andorra,AND,..,..,..,..,..,..,..,..,..,..,..,..,..,..,..,..,..,..,..,..,..,..,..,..,..,..,..,..,..,..,..,..,..,..,..,..,..,..,..,..,..
"GNI per capita, PPP (current international $)",NY.GNP.PCAP.PP.CD,Angola,AGO,..,..,..,..,..,..,..,..,..,..,2990,3310,1630,1490,1260,2350,2420,2830,2820,2640,2790,2910,3380,3470,3780,4310,4730,5350,5580,5840,5950,6130,6810,7130,7680,6960,6730,6860,6550,6370,5900
"GNI per capita, PPP (current international $)",NY.GNP.PCAP.PP.CD,Antigua and Barbuda,ATG,..,..,..,..,..,..,..,..,..,..,10470,11290,11570,12430,13230,12620,13480,14290,14880,15320,15940,15670,15530,16670,17800,19440,22240,24590,24550,21510,20110,19720,18950,18180,18110,17720,18570,18780,20480,21340,17910
"GNI per capita, PPP (current international $)",NY.GNP.PCAP.PP.CD,Argentina,ARG,..,..,..,..,..,..,..,..,..,..,6880,7750,8550,9410,10020,9780,10370,11260,11650,11280,11310,10900,9540,10580,10860,12030,14460,16130,16970,15830,17440,18770,19150,19650,19250,19730,19860,23000,22460,22090,20230
"GNI per capita, PPP (current international $)",NY.GNP.PCAP.PP.CD,Armenia,ARM,..,..,..,..,..,..,..,..,..,..,2670,2550,1290,1480,1630,1870,2050,2240,2390,2510,2740,3090,3580,4180,4810,5680,6720,7960,8790,7530,7880,8310,9740,10440,10490,10370,10950,12540,13230,14420,13110
"GNI per capita, PPP (current international $)",NY.GNP.PCAP.PP.CD,Aruba,ABW,..,..,..,..,..,..,..,..,..,..,23060,24780,25380,26080,27250,27370,27190,28780,29410,28980,31620,30140,27760,29550,31950,27060,33630,31230,35660,32360,30710,31000,32030,34610,35420,35740,35880,36750,..,..,..
"GNI per capita, PPP (current international $)",NY.GNP.PCAP.PP.CD,Australia,AUS,..,..,..,..,..,..,..,..,..,..,16760,17100,17500,18640,19640,20200,21230,22200,23450,24510,25580,26670,27990,28970,30510,31440,33030,34970,35970,38870,37810,40320,41530,44760,45660,45310,46140,47090,48600,50090,52240
"GNI per capita, PPP (current international $)",NY.GNP.PCAP.PP.CD,Austria,AUT,..,..,..,..,..,..,..,..,..,..,19550,20590,21330,21780,22660,23590,24540,25310,26510,27170,29120,29300,31000,32060,33730,34940,37750,39390,41660,40900,42360,44600,46500,48050,48860,49370,52680,53670,56400,57870,55620
"GNI per capita, PPP (current international $)",NY.GNP.PCAP.PP.CD,Azerbaijan,AZE,..,..,..,..,..,..,..,..,..,..,..,..,..,3230,2610,2310,2360,2520,2790,3130,3320,3680,4030,4480,4850,5970,8130,10010,11630,12940,13800,13790,15050,16330,16940,14460,13510,13590,13850,14470,14390
"GNI per capita, PPP (current international $)",NY.GNP.PCAP.PP.CD,"Bahamas, The",BHS,..,..,..,..,..,..,..,..,..,..,20830,20220,19860,19850,20540,23700,26020,24300,23050,26250,27550,28270,29110,28860,29410,30690,31710,32400,32190,30300,30460,30940,31380,30750,31950,32530,32750,34330,34980,36180,30790
"GNI per capita, PPP (current international $)",NY.GNP.PCAP.PP.CD,Bahrain,BHR,..,..,..,..,..,..,..,..,..,..,28270,31290,32170,34670,34240,36660,38090,37590,39050,39240,41140,40590,39640,40950,42250,44230,45240,46880,46130,41630,42550,41180,49020,49600,48600,43030,42280,45030,44900,44470,40660
"GNI per capita, PPP (current international $)",NY.GNP.PCAP.PP.CD,Bangladesh,BGD,..,..,..,..,..,..,..,..,..,..,860,910,960,1010,1050,1100,1150,1200,1250,1300,1370,1450,1510,1590,1690,1830,2010,2200,2380,2490,2640,2830,3190,3400,3590,3790,4070,4340,4750,5180,5390
"GNI per capita, PPP (current international $)",NY.GNP.PCAP.PP.CD,Barbados,BRB,..,..,..,..,..,..,..,..,..,..,9360,9290,8970,9180,9510,9810,10310,11010,11500,11600,12310,12180,12390,12810,13400,14140,15120,16140,16310,15680,15730,15250,14740,14700,14540,14810,15220,15080,15320,15740,12790
"GNI per capita, PPP (current international $)",NY.GNP.PCAP.PP.CD,Belarus,BLR,..,..,..,..,..,..,..,..,..,..,5230,5170,4950,4650,4190,3850,4050,4600,5070,5350,5780,6230,6700,7380,8480,9660,10960,12210,13710,13750,15050,16380,17700,18330,18440,17330,16950,17670,18730,19500,19400
"GNI per capita, PPP (current international $)",NY.GNP.PCAP.PP.CD,Belgium,BEL,..,..,..,..,..,..,..,..,..,..,18740,19730,20400,20800,22030,22930,23270,24310,24960,26030,28500,29330,30810,31520,32510,33590,35770,37300,38800,38450,40450,41010,43270,44750,45870,46850,49060,50900,52990,54790,53600
"GNI per capita, PPP (current international $)",NY.GNP.PCAP.PP.CD,Belize,BLZ,..,..,..,..,..,..,..,..,..,..,3270,3690,4130,4390,4360,4400,4380,4470,4460,4710,5210,5320,5530,5880,6030,6220,6550,6430,6630,6930,6800,7170,6700,6680,6600,6830,6790,6710,6830,6940,6230
"GNI per capita, PPP (current international $)",NY.GNP.PCAP.PP.CD,Benin,BEN,..,..,..,..,..,..,..,..,..,..,1230,1290,1290,1370,1370,1440,1490,1560,1610,1670,1750,1830,1880,1920,2000,2050,2130,2250,2350,2350,2350,2410,2480,2650,2820,2860,2980,3010,3200,3390,3470
"GNI per capita, PPP (current international $)",NY.GNP.PCAP.PP.CD,Bermuda,BMU,..,..,..,..,..,..,..,..,..,..,..,..,..,..,..,..,..,..,..,..,..,..,..,..,..,..,..,..,..,..,72180,71790,70450,72180,71390,74460,78530,85190,86090,86450,83180
"GNI per capita, PPP (current international $)",NY.GNP.PCAP.PP.CD,Bhutan,BTN,..,..,..,..,..,..,..,..,..,..,1460,1450,1500,1600,1770,1820,1960,2120,2060,2140,2690,2920,3180,3400,3640,4000,4390,5230,5450,5730,6310,6830,7280,7430,8050,8820,9560,10170,10580,11250,10440
"GNI per capita, PPP (current international $)",NY.GNP.PCAP.PP.CD,Bolivia,BOL,..,..,..,..,..,..,..,..,..,..,2250,2410,2480,2590,2730,2860,2980,3140,3280,3270,3350,3410,3490,3540,3690,3930,4180,4400,4710,4790,4930,5240,5570,6210,6690,6890,7360,8170,8650,8910,8180
"GNI per capita, PPP (current international $)",NY.GNP.PCAP.PP.CD,Bosnia and Herzegovina,BIH,..,..,..,..,..,..,..,..,..,..,..,..,..,..,800,1010,2080,2910,4220,4540,5030,5190,5530,5720,6500,6750,7640,8440,9360,9380,9500,10060,10380,11160,11530,12090,13090,13640,14810,15720,15490
"GNI per capita, PPP (current international $)",NY.GNP.PCAP.PP.CD,Botswana,BWA,..,..,..,..,..,..,..,..,..,..,5310,5990,6210,6590,5990,6710,6730,7430,7800,7870,7930,8290,7800,8500,8690,9440,10420,11450,12130,11630,12190,13420,12890,13530,15800,14930,16840,16140,16670,16980,15490
"GNI per capita, PPP (current international $)",NY.GNP.PCAP.PP.CD,Brazil,BRA,..,..,..,..,..,..,..,..,..,..,6520,6720,6740,7080,7590,7970,8060,8310,8200,8160,8800,8960,9250,9420,10140,10670,11350,12280,12990,12980,13860,14650,14670,15370,15430,14470,13950,14250,14600,14980,14550
"GNI per capita, PPP (current international $)",NY.GNP.PCAP.PP.CD,British Virgin Islands,VGB,..,..,..,..,..,..,..,..,..,..,..,..,..,..,..,..,..,..,..,..,..,..,..,..,..,..,..,..,..,..,..,..,..,..,..,..,..,..,..,..,..
"GNI per capita, PPP (current international $)",NY.GNP.PCAP.PP.CD,Brunei Darussalam,BRN,..,..,..,..,..,..,..,..,..,..,55880,57910,60310,60210,61730,64150,65550,64190,63100,64530,66440,68350,70720,72760,73810,75210,79770,81430,80340,78680,79690,81680,86130,82860,81300,65690,60420,64620,62220,66460,67590
"GNI per capita, PPP (current international $)",NY.GNP.PCAP.PP.CD,Bulgaria,BGR,..,..,..,..,..,..,..,..,..,..,6950,6480,6800,6910,7190,7560,6630,5570,6060,5730,6270,6970,7950,8550,9310,10320,11130,11870,13650,13730,14650,15250,16110,16280,17470,17820,19450,20990,22250,23830,24150
"GNI per capita, PPP (current international $)",NY.GNP.PCAP.PP.CD,Burkina Faso,BFA,..,..,..,..,..,..,..,..,..,..,590,650,640,660,670,700,780,810,860,910,920,970,1000,1060,1110,1200,1290,1340,1400,1390,1460,1520,1580,1640,1620,1640,1810,1970,2100,2150,2110
"GNI per capita, PPP (current international $)",NY.GNP.PCAP.PP.CD,Burundi,BDI,..,..,..,..,..,..,..,..,..,..,610,650,650,620,590,550,510,500,530,520,540,530,550,530,550,560,590,610,630,640,660,680,690,740,780,840,800,770,780,790,780
"GNI per capita, PPP (current international $)",NY.GNP.PCAP.PP.CD,Cabo Verde,CPV,..,..,..,..,..,..,..,..,..,..,1070,1090,1210,1300,1540,1740,1920,2130,2360,2600,2960,3080,3200,3360,3740,4010,4380,5210,5560,5470,5440,5730,5570,5590,5460,5770,6100,6410,6860,7310,6220
"GNI per capita, PPP (current international $)",NY.GNP.PCAP.PP.CD,Cambodia,KHM,..,..,..,..,..,..,..,..,..,..,..,..,..,..,..,780,810,840,860,950,1040,1120,1180,1290,1440,1640,1850,2080,2220,2200,2320,2490,2720,2920,3020,3180,3450,3680,3970,4310,4250
"GNI per capita, PPP (current international $)",NY.GNP.PCAP.PP.CD,Cameroon,CMR,..,..,..,..,..,..,..,..,..,..,1880,1780,1730,1590,1610,1640,1690,1750,1820,1890,1910,1970,2060,2200,2380,2440,2570,2650,2720,2770,2790,2860,2910,3070,3290,3350,3470,3600,3730,3820,3780
"GNI per capita, PPP (current international $)",NY.GNP.PCAP.PP.CD,Canada,CAN,..,..,..,..,..,..,..,..,..,..,..,..,..,..,..,..,..,24480,25430,26900,28590,29380,30180,31550,33190,35580,37510,38990,39780,38200,39310,40880,41540,43620,45010,43990,45900,47700,49140,48680,46090
"GNI per capita, PPP (current international $)",NY.GNP.PCAP.PP.CD,Cayman Islands,CYM,..,..,..,..,..,..,..,..,..,..,..,..,..,..,..,..,..,..,..,..,..,..,..,..,..,..,..,..,..,..,59910,61850,42510,37500,36380,38100,40050,46720,51280,58100,54150
"GNI per capita, PPP (current international $)",NY.GNP.PCAP.PP.CD,Central African Republic,CAF,..,..,..,..,..,..,..,..,..,..,630,630,590,580,600,640,610,640,660,690,660,700,720,680,720,740,780,830,840,910,960,1020,1110,750,730,800,860,960,1030,1060,1020
"GNI per capita, PPP (current international $)",NY.GNP.PCAP.PP.CD,Chad,TCD,..,..,..,..,..,..,..,..,..,..,690,760,810,660,730,740,740,760,810,780,760,830,870,840,1120,1310,1300,1370,1350,1570,1760,1750,1690,1500,1600,1760,1630,1570,1590,1620,1470
"GNI per capita, PPP (current international $)",NY.GNP.PCAP.PP.CD,Channel Islands,CHI,..,..,..,..,..,..,..,..,..,..,..,..,..,..,..,..,..,..,..,..,..,..,..,..,..,..,..,..,..,..,..,..,..,..,..,..,..,..,..,..,..
"GNI per capita, PPP (current international $)",NY.GNP.PCAP.PP.CD,Chile,CHL,..,..,..,..,..,..,..,..,..,..,4260,4690,5380,5900,6260,7060,7740,8360,8780,8700,9200,9630,9920,10180,10840,11640,13840,15050,15220,15060,16880,18890,20380,21300,21910,22010,22710,23460,24550,24480,24020
"GNI per capita, PPP (current international $)",NY.GNP.PCAP.PP.CD,China,CHN,..,..,..,..,..,..,..,..,..,..,980,1100,1260,1450,1660,1830,2030,2240,2410,2620,2890,3160,3500,3910,4410,5020,5830,6830,7620,8290,9210,10200,11140,11780,12500,12840,13420,14220,15430,16610,17090
"GNI per capita, PPP (current international $)",NY.GNP.PCAP.PP.CD,Colombia,COL,..,..,..,..,..,..,..,..,..,..,4810,5000,5230,5580,5970,6310,6420,6640,6660,6380,6550,6670,6830,7070,7540,8120,8800,9490,9830,9940,10340,11110,11560,12280,12910,13080,13660,13910,14660,15320,14640
"GNI per capita, PPP (current international $)",NY.GNP.PCAP.PP.CD,Comoros,COM,..,..,..,..,..,..,..,..,..,..,1580,1500,1640,1670,1570,1610,1580,1620,1620,1630,1800,1840,1860,1890,1930,2000,2070,2100,2160,2190,2250,2340,2510,2640,2720,2720,2880,3050,3140,3130,3130
"GNI per capita, PPP (current international $)",NY.GNP.PCAP.PP.CD,"Congo, Dem. Rep.",COD,..,..,..,..,..,..,..,..,..,..,..,..,..,..,500,490,520,490,480,440,440,410,430,450,470,500,530,550,560,580,610,640,630,690,780,840,940,1030,1080,1110,1110
"GNI per capita, PPP (current international $)",NY.GNP.PCAP.PP.CD,"Congo, Rep.",COG,..,..,..,..,..,..,..,..,..,..,2930,3040,3220,2960,2930,2150,2190,2620,2810,2510,2710,2780,2930,2990,2870,3310,3980,3650,3990,4570,4970,4890,5990,5930,6020,4610,3690,3640,3430,3130,3060
"GNI per capita, PPP (current international $)",NY.GNP.PCAP.PP.CD,Costa Rica,CRI,..,..,..,..,..,..,..,..,..,..,4800,5040,5500,5890,6210,6410,6490,6800,7130,7250,7480,7770,8030,8400,8910,9470,10410,11460,12150,11820,12450,13090,13870,14460,15400,16360,18270,19280,20170,21150,20860
"GNI per capita, PPP (current international $)",NY.GNP.PCAP.PP.CD,Cote d'Ivoire,CIV,..,..,..,..,..,..,..,..,..,..,2480,2510,2490,2450,2490,2640,1850,1970,2020,2050,1920,1890,1860,1800,1910,2120,2180,2220,2350,2410,2530,2310,2540,2700,4240,4550,4620,4690,4960,5290,5300
"GNI per capita, PPP (current international $)",NY.GNP.PCAP.PP.CD,Croatia,HRV,..,..,..,..,..,..,..,..,..,..,..,..,..,..,..,8060,8790,9540,9840,9750,10490,11410,12550,13230,14420,15070,17140,19040,20240,19400,19290,20340,20680,21640,21860,23160,24470,26760,28430,30120,28950
"GNI per capita, PPP (current international $)",NY.GNP.PCAP.PP.CD,Cuba,CUB,..,..,..,..,..,..,..,..,..,..,..,..,..,..,..,..,..,..,..,..,..,..,..,..,..,..,..,..,..,..,..,..,..,..,..,..,..,..,..,..,..
"GNI per capita, PPP (current international $)",NY.GNP.PCAP.PP.CD,Curacao,CUW,..,..,..,..,..,..,..,..,..,..,..,..,..,..,..,..,..,..,..,..,..,..,..,..,..,25350,25930,26750,26940,26440,26790,27100,26490,26300,25930,25820,25430,26370,26520,26620,22210
"GNI per capita, PPP (current international $)",NY.GNP.PCAP.PP.CD,Cyprus,CYP,..,..,..,..,..,..,..,..,..,..,13260,13460,14650,14760,15620,16220,16480,16810,19320,18530,19460,21230,22340,23290,24480,26320,28350,30770,34260,33790,32950,34190,31610,30020,29280,31610,34300,37160,39060,40390,37110
"GNI per capita, PPP (current international $)",NY.GNP.PCAP.PP.CD,Czech Republic,CZE,..,..,..,..,..,..,..,..,..,..,..,..,11770,12130,12740,13740,14470,14600,14760,15110,15920,17120,17600,18880,19940,21070,22430,24590,26270,25840,25790,26660,27370,28860,30270,31570,33660,36630,38880,40260,40160
"GNI per capita, PPP (current international $)",NY.GNP.PCAP.PP.CD,Denmark,DNK,..,..,..,..,..,..,..,..,..,..,17610,18380,19200,19720,21200,22270,23270,24480,25450,26370,28010,29000,30260,30540,32980,34430,37790,39200,41740,40730,43710,45340,45820,48210,49640,50550,53250,56570,59080,60400,62260
"GNI per capita, PPP (current international $)",NY.GNP.PCAP.PP.CD,Djibouti,DJI,..,..,..,..,..,..,..,..,..,..,..,..,..,..,..,..,..,..,..,..,..,..,..,..,..,..,..,..,..,..,..,..,..,4050,4240,4520,4550,4660,5090,5610,5610
"GNI per capita, PPP (current international $)",NY.GNP.PCAP.PP.CD,Dominica,DMA,..,..,..,..,..,..,..,..,..,..,4190,4340,4540,4760,4760,4970,5140,5420,5780,5720,5750,6160,6000,6510,6780,7100,7980,8630,9490,9570,9830,9980,9750,9750,11650,10700,11600,11060,11830,12680,11150
"GNI per capita, PPP (current international $)",NY.GNP.PCAP.PP.CD,Dominican Republic,DOM,..,..,..,..,..,..,..,..,..,..,3540,3620,4030,4280,4440,4710,5030,5490,5820,6140,6480,6680,6990,6760,6910,7920,8830,9600,10110,10160,11000,11410,11430,11890,12820,14130,15420,15940,17350,18310,17060
"GNI per capita, PPP (current international $)",NY.GNP.PCAP.PP.CD,Ecuador,ECU,..,..,..,..,..,..,..,..,..,..,4440,4750,4920,5060,5290,5420,5480,5720,5820,5370,5450,5790,6050,6210,6760,7270,7720,7960,8630,8640,8960,9710,10150,10980,11530,10860,10820,11350,11510,11500,10580
"GNI per capita, PPP (current international $)",NY.GNP.PCAP.PP.CD,"Egypt, Arab Rep.",EGY,..,..,..,..,..,..,..,..,..,..,3620,3820,3990,4110,4280,4490,4710,4950,5200,5460,5820,6080,6150,6330,6630,7010,7640,8290,8890,9140,9330,9440,10840,10930,10640,11310,11040,10800,11350,11820,12220
"GNI per capita, PPP (current international $)",NY.GNP.PCAP.PP.CD,El Salvador,SLV,..,..,..,..,..,..,..,..,..,..,2850,2950,3210,3440,3640,3860,3910,4050,4170,4240,4370,4480,4570,4670,4810,5070,5460,5690,5930,5770,5950,6270,6270,6570,6900,7240,7620,7980,8320,8690,7970
"GNI per capita, PPP (current international $)",NY.GNP.PCAP.PP.CD,Equatorial Guinea,GNQ,..,..,..,..,..,..,..,..,..,..,690,700,940,1020,1020,1090,1750,4550,5020,6470,5890,6420,8230,7840,9850,14200,23340,26790,28460,24770,19350,22180,24910,23770,22910,18130,15850,16600,15980,14070,13340
"GNI per capita, PPP (current international $)",NY.GNP.PCAP.PP.CD,Eritrea,ERI,..,..,..,..,..,..,..,..,..,..,..,..,810,950,1190,1270,1390,1540,1590,1600,1530,1630,1630,1540,1530,1560,1550,1570,1410,1450,1470,1610,..,..,..,..,..,..,..,..,..
"GNI per capita, PPP (current international $)",NY.GNP.PCAP.PP.CD,Estonia,EST,..,..,..,..,..,..,..,..,..,..,..,..,..,..,..,..,..,..,..,..,9070,9810,11050,12370,13720,15870,18280,20470,21640,19970,20640,23530,25110,26980,28310,28750,30870,33040,35710,37500,37520
"GNI per capita, PPP (current international $)",NY.GNP.PCAP.PP.CD,Eswatini,SWZ,..,..,..,..,..,..,..,..,..,..,3700,3820,3940,3950,3860,4290,4590,4720,4620,4850,4810,5160,5110,5280,5710,6560,6770,7270,7320,7300,7380,7570,7730,8330,8430,8470,8240,7840,8130,8110,7980
"GNI per capita, PPP (current international $)",NY.GNP.PCAP.PP.CD,Ethiopia,ETH,..,..,..,..,..,..,..,..,..,..,410,380,340,380,390,410,460,460,440,460,480,520,520,500,570,640,710,790,870,930,1020,1130,1210,1280,1510,1650,1870,2010,2140,2300,2410
"GNI per capita, PPP (current international $)",NY.GNP.PCAP.PP.CD,Faroe Islands,FRO,..,..,..,..,..,..,..,..,..,..,..,..,..,..,..,..,..,..,..,..,..,..,..,..,..,..,..,..,..,..,..,..,..,..,..,..,..,..,..,..,..
"GNI per capita, PPP (current international $)",NY.GNP.PCAP.PP.CD,Fiji,FJI,..,..,..,..,..,..,..,..,..,..,4050,4060,4340,4470,4660,4960,5270,5160,5150,5650,5950,6010,6400,6520,7040,7380,7280,7460,7590,7620,7670,8010,8510,9350,10820,11660,11940,12370,13260,13090,11340
"GNI per capita, PPP (current international $)",NY.GNP.PCAP.PP.CD,Finland,FIN,..,..,..,..,..,..,..,..,..,..,17820,17070,16560,16650,17740,19000,19630,21470,23120,24520,26620,27790,28690,28880,31420,32190,34770,37950,40150,38440,39460,41070,41060,41660,42180,42920,45140,47590,49780,50630,51400
"GNI per capita, PPP (current international $)",NY.GNP.PCAP.PP.CD,France,FRA,..,..,..,..,..,..,..,..,..,..,17700,18380,19020,19290,20060,20840,21530,22510,23660,24790,26500,27990,28820,28550,29460,31020,33120,34800,35860,35480,36730,38440,38500,40410,41010,41730,43830,45580,47660,50130,47720
"GNI per capita, PPP (current international $)",NY.GNP.PCAP.PP.CD,French Polynesia,PYF,..,..,..,..,..,..,..,..,..,..,..,..,..,..,..,..,..,..,..,..,..,..,..,..,..,..,..,..,..,..,..,..,..,..,..,..,..,..,..,..,..
"GNI per capita, PPP (current international $)",NY.GNP.PCAP.PP.CD,Gabon,GAB,..,..,..,..,..,..,..,..,..,..,11180,11950,11200,11420,12110,12450,12810,13430,14000,12530,11850,12350,12710,12640,12120,13280,12470,12960,12500,12570,12890,13490,13820,13650,14570,13480,13180,14060,14100,14320,14300
"GNI per capita, PPP (current international $)",NY.GNP.PCAP.PP.CD,"Gambia, The",GMB,..,..,..,..,..,..,..,..,..,..,1470,1530,1570,1600,1590,1600,1620,1650,1670,1740,1810,1900,1790,1920,2100,2050,2030,2090,2210,2300,2390,2170,2150,2080,1980,2020,2030,2030,2170,2280,2240
"GNI per capita, PPP (current international $)",NY.GNP.PCAP.PP.CD,Georgia,GEO,..,..,..,..,..,..,..,..,..,..,..,..,2580,1830,1700,1800,2160,2660,2890,3080,3140,3400,3660,4170,4610,5220,5980,6830,7100,6960,7430,8120,9720,10420,11420,11820,12260,12920,14030,14930,14080
"GNI per capita, PPP (current international $)",NY.GNP.PCAP.PP.CD,Germany,DEU,..,..,..,..,..,..,..,..,..,..,19660,21060,21770,21900,22780,23520,24080,24530,25200,26110,27050,28170,28870,29600,31520,32060,34740,36810,38160,37650,39730,43630,44400,46040,47950,48690,51830,54340,57010,57460,56320
"GNI per capita, PPP (current international $)",NY.GNP.PCAP.PP.CD,Ghana,GHA,..,..,..,..,..,..,..,..,..,..,1220,1290,1340,1390,1430,1480,1530,1580,1640,1690,1740,1810,1880,1960,2080,2220,2380,2490,2700,2780,2920,3270,3590,5150,5280,5050,4800,4860,5200,5540,5930
"GNI per capita, PPP (current international $)",NY.GNP.PCAP.PP.CD,Gibraltar,GIB,..,..,..,..,..,..,..,..,..,..,..,..,..,..,..,..,..,..,..,..,..,..,..,..,..,..,..,..,..,..,..,..,..,..,..,..,..,..,..,..,..
"GNI per capita, PPP (current international $)",NY.GNP.PCAP.PP.CD,Greece,GRC,..,..,..,..,..,..,..,..,..,..,..,..,..,..,..,..,..,..,..,..,..,..,..,..,..,..,28020,28560,29940,29690,27300,24960,25120,25990,26800,26740,27380,28460,29290,30080,27790
"GNI per capita, PPP (current international $)",NY.GNP.PCAP.PP.CD,Greenland,GRL,..,..,..,..,..,..,..,..,..,..,..,..,..,..,..,..,..,..,..,..,..,..,..,..,..,..,..,..,..,..,..,..,..,..,..,..,..,..,..,..,..
"GNI per capita, PPP (current international $)",NY.GNP.PCAP.PP.CD,Grenada,GRD,..,..,..,..,..,..,..,..,..,..,4520,4830,4890,4810,4940,5040,5310,5630,6280,6760,7150,7010,7270,8110,8030,10070,9930,10650,10960,9950,10300,10660,10690,11470,11860,12490,13650,14470,15550,15880,15450
"GNI per capita, PPP (current international $)",NY.GNP.PCAP.PP.CD,Guam,GUM,..,..,..,..,..,..,..,..,..,..,..,..,..,..,..,..,..,..,..,..,..,..,..,..,..,..,..,..,..,..,..,..,..,..,..,..,..,..,..,..,..
"GNI per capita, PPP (current international $)",NY.GNP.PCAP.PP.CD,Guatemala,GTM,..,..,..,..,..,..,..,..,..,..,3220,3420,3560,3710,3850,4020,4090,4250,4430,4550,4700,4840,4940,5050,5220,5440,5760,6150,6410,6350,6450,6720,7060,7270,7560,8000,8040,8150,8490,8850,8700
"GNI per capita, PPP (current international $)",NY.GNP.PCAP.PP.CD,Guinea,GIN,..,..,..,..,..,..,..,..,..,..,850,880,910,960,1000,1040,1070,1120,1140,1180,1200,1240,1320,1280,1320,1350,1460,1560,1620,1560,1640,1710,1770,1720,1750,1790,2040,2410,2470,2540,2580
"GNI per capita, PPP (current international $)",NY.GNP.PCAP.PP.CD,Guinea-Bissau,GNB,..,..,..,..,..,..,..,..,..,..,990,1030,1050,1070,1110,1150,1280,1370,970,980,1040,1050,1060,1060,1090,1150,1190,1240,1260,1280,1330,1450,1360,1340,1430,1640,1790,1930,1880,2060,1980
"GNI per capita, PPP (current international $)",NY.GNP.PCAP.PP.CD,Guyana,GUY,..,..,..,..,..,..,..,..,..,..,2720,2820,3230,3700,4160,4480,5060,5440,5480,5710,5870,6120,6280,6400,6720,6830,7240,8190,8470,8850,9350,9960,10540,11100,11020,11260,11290,11980,12700,13510,16610
"GNI per capita, PPP (current international $)",NY.GNP.PCAP.PP.CD,Haiti,HTI,..,..,..,..,..,..,..,..,..,..,2140,2210,2100,1990,1760,1950,2030,2080,2110,2160,2190,2190,2210,2290,2280,2380,2470,2610,2690,2830,2660,2810,2770,2960,2980,2910,3090,3170,3250,3210,3100
"GNI per capita, PPP (current international $)",NY.GNP.PCAP.PP.CD,Honduras,HND,..,..,..,..,..,..,..,..,..,..,1930,1870,1960,2120,2110,2220,2240,2340,2400,2370,2510,2560,2620,2700,2850,3060,3280,3550,3700,3600,3600,3720,3750,3850,4090,4490,4790,5220,5360,5520,5050
"GNI per capita, PPP (current international $)",NY.GNP.PCAP.PP.CD,"Hong Kong SAR, China",HKG,..,..,..,..,..,..,..,..,..,..,17750,19130,20590,22910,24180,24940,24890,26620,25630,26420,28480,29490,29820,31960,35250,38260,42680,46640,49530,47250,50230,53710,52990,54710,55910,57450,58660,62450,65500,65240,62500
"GNI per capita, PPP (current international $)",NY.GNP.PCAP.PP.CD,Hungary,HUN,..,..,..,..,..,..,..,..,..,..,..,..,..,8210,8610,8790,8930,9230,9750,10170,11160,12440,13700,14610,15280,16040,17250,17650,19360,19830,20730,21920,22290,23840,24540,25520,27190,28310,30660,32630,32190
"GNI per capita, PPP (current international $)",NY.GNP.PCAP.PP.CD,Iceland,ISL,..,..,..,..,..,..,..,..,..,..,..,..,..,..,..,23550,24540,26460,28150,28980,28670,30800,32660,32440,34360,35470,36340,38790,34050,33590,32170,34550,36690,42100,43500,46470,50990,53920,54290,57770,52030
"GNI per capita, PPP (current international $)",NY.GNP.PCAP.PP.CD,India,IND,..,..,..,..,..,..,..,..,..,..,1190,1210,1280,1350,1440,1560,1670,1740,1840,1990,2070,2190,2270,2450,2680,2930,3210,3510,3630,3890,4190,4450,4800,4990,5170,5400,5720,6120,6600,6930,6440
"GNI per capita, PPP (current international $)",NY.GNP.PCAP.PP.CD,Indonesia,IDN,..,..,..,..,..,..,..,..,..,..,2930,3190,3410,3700,4040,4390,4760,4980,4200,4140,4430,4770,5040,5260,5550,5950,6420,6930,7440,7740,8280,8840,9440,9770,9930,9910,10160,10590,11300,11940,11750
"GNI per capita, PPP (current international $)",NY.GNP.PCAP.PP.CD,"Iran, Islamic Rep.",IRN,..,..,..,..,..,..,..,..,..,..,7190,8190,8440,8590,8480,8730,9230,9330,9530,9670,10320,10510,11320,12360,13050,13720,14710,16190,16380,16430,17390,18010,16060,15380,15280,13620,14050,14560,13870,12920,13310
"GNI per capita, PPP (current international $)",NY.GNP.PCAP.PP.CD,Iraq,IRQ,..,..,..,..,..,..,..,..,..,..,..,2640,3490,4570,4700,4750,5210,6150,8130,9370,10990,11080,9930,6350,9750,9070,10070,10580,12200,12460,12860,13500,15240,15470,13810,9680,9340,10450,10730,11340,9400
"GNI per capita, PPP (current international $)",NY.GNP.PCAP.PP.CD,Ireland,IRL,..,..,..,..,..,..,..,..,..,..,12770,13440,13930,14630,15810,17320,18820,20450,22480,23590,26330,27820,29530,31280,33430,35050,38790,40440,38230,34640,36180,36590,37390,40340,43140,53060,58240,61730,65490,67820,70910
"GNI per capita, PPP (current international $)",NY.GNP.PCAP.PP.CD,Isle of Man,IMN,..,..,..,..,..,..,..,..,..,..,..,..,..,..,..,..,..,..,..,..,..,..,..,..,..,..,..,..,..,..,..,..,..,..,..,..,..,..,..,..,..
"GNI per capita, PPP (current international $)",NY.GNP.PCAP.PP.CD,Israel,ISR,..,..,..,..,..,..,..,..,..,..,..,..,..,..,..,19240,20160,20700,21330,21620,23400,23910,24310,22980,24500,24640,25600,27480,26980,26810,28310,30220,31030,33630,34160,35170,37500,38920,39880,39780,39080
"GNI per capita, PPP (current international $)",NY.GNP.PCAP.PP.CD,Italy,ITA,..,..,..,..,..,..,..,..,..,..,18400,19260,19810,20140,20980,22110,22830,23770,24880,25550,26970,27950,28610,29060,29510,30180,32580,34170,35200,34580,35080,36510,36440,36250,36200,36640,40040,41810,43510,44720,42340
"GNI per capita, PPP (current international $)",NY.GNP.PCAP.PP.CD,Jamaica,JAM,..,..,..,..,..,..,..,..,..,..,4300,4580,4860,5670,5640,5890,6090,6040,5900,5980,6110,6220,6300,6630,6880,7100,7550,7830,7960,7530,7600,7870,8080,8250,8360,8520,8810,9330,9590,9910,8940
"GNI per capita, PPP (current international $)",NY.GNP.PCAP.PP.CD,Japan,JPN,..,..,..,..,..,..,..,..,..,..,20130,21420,22050,22390,23010,24060,25300,25960,25820,26050,27680,28380,29040,29870,31430,32880,34530,36090,36220,34390,36280,37270,38640,40760,41030,42510,42040,43040,43810,44260,43130
"GNI per capita, PPP (current international $)",NY.GNP.PCAP.PP.CD,Jordan,JOR,..,..,..,..,..,..,..,..,..,..,4160,4000,4510,4620,4740,4990,5020,5230,5410,5560,6010,6380,6660,6950,7630,8260,8880,9480,9740,9780,9390,9320,9080,9230,9080,9360,9370,9950,10210,10500,10330
"GNI per capita, PPP (current international $)",NY.GNP.PCAP.PP.CD,Kazakhstan,KAZ,..,..,..,..,..,..,..,..,..,..,..,..,..,6820,6160,5880,6090,6380,6440,6640,7250,8540,9620,10540,11650,12580,13910,15240,15360,16030,16710,17790,19050,21900,22190,21760,21490,22160,22940,24040,24410
"GNI per capita, PPP (current international $)",NY.GNP.PCAP.PP.CD,Kenya,KEN,..,..,..,..,..,..,..,..,..,..,1630,1650,1620,1600,1630,1710,1770,1770,1800,1810,1820,1870,1860,1900,2000,2140,2280,2430,2420,2140,2290,2440,2520,2740,2980,3320,3880,4130,4380,4570,4500
"GNI per capita, PPP (current international $)",NY.GNP.PCAP.PP.CD,Kiribati,KIR,..,..,..,..,..,..,..,..,..,..,1530,2050,2110,2060,2100,2230,1950,2360,2650,2400,2570,2710,2600,2500,2400,2470,2470,2570,2560,2410,2510,2430,2780,3160,3610,4340,3930,4280,4290,4860,4260
"GNI per capita, PPP (current international $)",NY.GNP.PCAP.PP.CD,"Korea, Dem. People's Rep.",PRK,..,..,..,..,..,..,..,..,..,..,..,..,..,..,..,..,..,..,..,..,..,..,..,..,..,..,..,..,..,..,..,..,..,..,..,..,..,..,..,..,..
"GNI per capita, PPP (current international $)",NY.GNP.PCAP.PP.CD,"Korea, Rep.",KOR,..,..,..,..,..,..,..,..,..,..,8350,9470,10170,11020,12160,13450,14640,15640,14780,16620,18410,19590,21320,22020,23730,25010,26810,28990,29950,29460,31780,32750,33910,34460,35500,38020,39720,41120,43200,43420,45620
"GNI per capita, PPP (current international $)",NY.GNP.PCAP.PP.CD,Kosovo,XKX,..,..,..,..,..,..,..,..,..,..,..,..,..,..,..,..,..,..,..,..,..,..,..,..,..,..,..,..,6840,6980,7350,7970,8300,8580,8830,9510,10130,10650,11200,12070,11660
"GNI per capita, PPP (current international $)",NY.GNP.PCAP.PP.CD,Kuwait,KWT,..,..,..,..,..,..,..,..,..,..,..,..,..,..,..,70640,70530,72520,72150,64330,66160,63800,62670,72850,83510,92860,100160,101360,96660,84620,80000,82740,87030,84000,76820,52460,49900,58770,58550,58930,..
"GNI per capita, PPP (current international $)",NY.GNP.PCAP.PP.CD,Kyrgyz Republic,KGZ,..,..,..,..,..,..,..,..,..,..,..,2380,2080,1790,1440,1370,1470,1600,1610,1650,1750,1910,1930,2090,2230,2300,2460,2730,2910,2980,2890,2950,3530,3810,4100,4050,4440,4800,5100,5000,4750
"GNI per capita, PPP (current international $)",NY.GNP.PCAP.PP.CD,Lao PDR,LAO,..,..,..,..,..,..,..,..,..,..,1030,1070,1130,1190,1280,1370,1460,1520,1560,1700,1760,1870,1990,2070,2270,2510,2670,2970,3170,3440,3580,3870,4550,5000,5610,5890,6550,6870,7410,7730,7800
"GNI per capita, PPP (current international $)",NY.GNP.PCAP.PP.CD,Latvia,LVA,..,..,..,..,..,..,..,..,..,..,..,..,..,..,..,5550,5840,6540,7110,7340,8030,9070,10100,11010,12030,13770,15460,17690,19320,18210,17880,19230,21140,22590,23850,24860,26680,28600,30380,31410,31460
"GNI per capita, PPP (current international $)",NY.GNP.PCAP.PP.CD,Lebanon,LBN,..,..,..,..,..,..,..,..,..,..,4680,5810,6700,7060,7530,7950,8700,8750,8980,8970,9120,9110,8750,7670,9300,9860,10350,11870,13010,14010,14760,14580,14750,14880,14870,14940,15290,15980,15960,15000,11840
"GNI per capita, PPP (current international $)",NY.GNP.PCAP.PP.CD,Lesotho,LSO,..,..,..,..,..,..,..,..,..,..,1300,1350,1370,1360,1420,1430,1510,1550,1520,1560,1600,1920,1970,2090,2100,2130,2210,2640,2760,2670,2770,2740,2700,2940,3120,3440,3400,3030,3050,3060,2730
"GNI per capita, PPP (current international $)",NY.GNP.PCAP.PP.CD,Liberia,LBR,..,..,..,..,..,..,..,..,..,..,..,..,..,..,..,..,..,..,..,..,880,830,850,580,610,660,740,820,880,910,930,1040,1090,1260,1270,1200,1310,1420,1380,1370,1300
"GNI per capita, PPP (current international $)",NY.GNP.PCAP.PP.CD,Libya,LBY,..,..,..,..,..,..,..,..,..,..,..,..,..,..,..,..,..,..,..,..,..,..,17880,20410,20960,23840,26360,28240,29030,28690,29880,11500,23710,19740,14510,12740,11430,13690,15650,16270,11490
"GNI per capita, PPP (current international $)",NY.GNP.PCAP.PP.CD,Liechtenstein,LIE,..,..,..,..,..,..,..,..,..,..,..,..,..,..,..,..,..,..,..,..,..,..,..,..,..,..,..,..,..,..,..,..,..,..,..,..,..,..,..,..,..
"GNI per capita, PPP (current international $)",NY.GNP.PCAP.PP.CD,Lithuania,LTU,..,..,..,..,..,..,..,..,..,..,..,..,..,..,..,5920,6320,6940,7590,7630,8290,9310,10370,11770,12730,14270,16150,18350,20070,18530,19970,22220,23930,26130,27850,27790,29820,32540,35250,37200,37760
"GNI per capita, PPP (current international $)",NY.GNP.PCAP.PP.CD,Luxembourg,LUX,..,..,..,..,..,..,..,..,..,..,29850,33330,34070,35180,35450,37330,38620,41050,41490,45980,48760,49990,49410,48740,58380,62650,63160,72360,71210,55400,61410,65490,74230,72410,76490,69410,75120,82300,82820,77680,82980
"GNI per capita, PPP (current international $)",NY.GNP.PCAP.PP.CD,"Macao SAR, China",MAC,..,..,..,..,..,..,..,..,..,..,27370,28550,32370,33860,35200,35940,35050,34770,32620,30970,31980,35650,38330,41910,51380,55240,60400,76400,70570,71770,87830,103410,112800,127480,128420,103880,103590,112280,119940,117450,..
"GNI per capita, PPP (current international $)",NY.GNP.PCAP.PP.CD,Madagascar,MDG,..,..,..,..,..,..,..,..,..,..,1160,1080,1100,1120,1100,1110,1130,1160,1180,1220,1270,1340,1150,1250,1320,1370,1440,1550,1640,1530,1510,1530,1490,1490,1520,1500,1550,1540,1590,1630,1500
"GNI per capita, PPP (current international $)",NY.GNP.PCAP.PP.CD,Malawi,MWI,..,..,..,..,..,..,..,..,..,..,660,720,680,760,690,820,880,910,930,940,960,910,910,960,1010,1050,1110,1220,1300,1370,1430,1490,1440,1540,1500,1410,1450,1440,1480,1560,1550
"GNI per capita, PPP (current international $)",NY.GNP.PCAP.PP.CD,Malaysia,MYS,..,..,..,..,..,..,..,..,..,..,6520,7130,7720,8520,9260,10150,11080,11710,10690,11050,11870,12030,12720,13600,14650,15730,17040,18390,19110,18810,19860,21190,22140,22690,23790,24130,24840,25910,27360,28850,27360
"GNI per capita, PPP (current international $)",NY.GNP.PCAP.PP.CD,Maldives,MDV,..,..,..,..,..,..,..,..,..,..,..,..,..,..,..,5870,6340,6830,7310,7720,8060,7880,8380,9350,9970,8700,11040,10410,11690,10800,11180,12100,12400,13140,14460,15410,16010,16630,17460,18310,12420
"GNI per capita, PPP (current international $)",NY.GNP.PCAP.PP.CD,Mali,MLI,..,..,..,..,..,..,..,..,..,..,800,910,880,900,920,920,980,1020,1080,1130,1120,1240,1240,1370,1390,1480,1540,1580,1640,1650,1720,1760,1700,1750,1860,1990,2130,2170,2270,2330,2250
"GNI per capita, PPP (current international $)",NY.GNP.PCAP.PP.CD,Malta,MLT,..,..,..,..,..,..,..,..,..,..,9720,10260,10730,11250,11800,12680,13190,13960,14310,15340,17670,18620,19750,20850,21460,21630,22370,23810,26110,25250,27240,28290,28820,30690,32560,35390,36000,38300,40920,42480,37980
"GNI per capita, PPP (current international $)",NY.GNP.PCAP.PP.CD,Marshall Islands,MHL,..,..,..,..,..,..,..,..,..,..,..,..,..,..,..,3420,2990,2880,3000,3070,3180,3400,3430,3380,3440,3680,3650,3880,3580,3770,3910,3950,3730,4070,4270,4710,4640,4770,4990,5190,5060
"GNI per capita, PPP (current international $)",NY.GNP.PCAP.PP.CD,Mauritania,MRT,..,..,..,..,..,..,..,..,..,..,2550,2620,2660,2790,2690,2950,3250,3090,3140,3230,3070,2940,3100,3280,3420,3700,4210,4140,4120,4100,4040,4120,4140,4350,4130,4080,4610,5040,5290,5500,5320
"GNI per capita, PPP (current international $)",NY.GNP.PCAP.PP.CD,Mauritius,MUS,..,..,..,..,..,..,..,..,..,..,4900,5290,5700,6040,6290,6650,7040,7520,7970,8210,9000,9490,9720,10330,11030,11520,12500,13780,14600,14990,15560,16340,17570,19240,19920,20860,22390,23540,25460,26790,22380
"GNI per capita, PPP (current international $)",NY.GNP.PCAP.PP.CD,Mexico,MEX,..,..,..,..,..,..,..,..,..,..,7870,8370,8750,8360,8800,8170,8770,9470,9920,10220,10850,10930,10990,11280,11910,12390,13600,14060,14710,14300,15070,16260,16830,16870,17610,17830,18810,19210,19550,19290,17810
"GNI per capita, PPP (current international $)",NY.GNP.PCAP.PP.CD,"Micronesia, Fed. Sts.",FSM,..,..,..,..,..,..,..,..,..,..,..,..,..,2360,2350,2420,2360,2180,2250,2380,2550,2660,2710,2800,2830,3010,3120,3190,3160,3340,3380,3530,3550,3540,3470,3980,3930,3960,3630,4020,3960
"GNI per capita, PPP (current international $)",NY.GNP.PCAP.PP.CD,Moldova,MDA,..,..,..,..,..,..,..,..,..,..,..,..,..,..,..,..,3160,3280,3050,3030,3240,3600,4040,4470,5030,5590,5950,6170,6830,6230,6860,7390,8050,9170,9590,9790,11200,12320,13270,14280,13510
"GNI per capita, PPP (current international $)",NY.GNP.PCAP.PP.CD,Monaco,MCO,..,..,..,..,..,..,..,..,..,..,..,..,..,..,..,..,..,..,..,..,..,..,..,..,..,..,..,..,..,..,..,..,..,..,..,..,..,..,..,..,..
"GNI per capita, PPP (current international $)",NY.GNP.PCAP.PP.CD,Mongolia,MNG,..,..,..,..,..,..,..,..,..,..,3290,3100,2790,2700,2840,3070,3200,3350,3510,3640,3710,3880,4080,4390,4940,5310,5910,6540,7090,6860,6970,8180,9440,9950,10160,9760,9850,9770,11160,11570,11200
"GNI per capita, PPP (current international $)",NY.GNP.PCAP.PP.CD,Montenegro,MNE,..,..,..,..,..,..,..,..,..,..,..,..,..,..,..,..,..,..,..,..,6310,7110,7500,7770,8250,8410,10630,12600,14020,13050,13540,14590,14100,15160,15580,16690,18360,20090,21740,23360,20350
"GNI per capita, PPP (current international $)",NY.GNP.PCAP.PP.CD,Morocco,MAR,..,..,..,..,..,..,..,..,..,..,2470,2690,2650,2630,2940,2790,3170,3130,3370,3410,3510,3810,3950,4220,4510,4770,5220,5500,5870,6020,6240,6600,6570,6820,6450,6890,6980,7170,7480,7710,7260
"GNI per capita, PPP (current international $)",NY.GNP.PCAP.PP.CD,Mozambique,MOZ,..,..,..,..,..,..,..,..,..,..,..,300,270,300,310,310,350,390,420,470,460,510,510,590,640,670,710,780,830,890,930,1000,1030,1080,1130,1270,1330,1250,1290,1310,1250
"GNI per capita, PPP (current international $)",NY.GNP.PCAP.PP.CD,Myanmar,MMR,..,..,..,..,..,..,..,..,..,..,360,360,410,460,500,540,590,630,670,730,810,880,950,1100,1280,1410,1680,1990,2260,2520,2830,3120,3420,3650,3850,3940,3900,4110,4440,4770,4980
"GNI per capita, PPP (current international $)",NY.GNP.PCAP.PP.CD,Namibia,NAM,..,..,..,..,..,..,..,..,..,..,3770,4170,4330,4250,4300,4570,4600,4760,4910,4920,5230,5280,5630,6080,6670,6750,7380,7670,7890,7810,8060,8590,8970,9710,10410,10620,10220,9990,9950,9980,9190
"GNI per capita, PPP (current international $)",NY.GNP.PCAP.PP.CD,Nauru,NRU,..,..,..,..,..,..,..,..,..,..,..,..,..,..,..,..,..,..,..,..,..,..,..,..,..,..,..,4930,5500,6310,7200,8150,9110,12350,15420,17990,18580,18170,18730,20740,20460
"GNI per capita, PPP (current international $)",NY.GNP.PCAP.PP.CD,Nepal,NPL,..,..,..,..,..,..,..,..,..,..,860,920,960,990,1060,1100,1150,1200,1220,1270,1360,1430,1430,1490,1580,1670,1770,1860,1990,2080,2190,2300,2520,2720,2990,3040,3030,3600,3890,4160,4060
"GNI per capita, PPP (current international $)",NY.GNP.PCAP.PP.CD,Netherlands,NLD,..,..,..,..,..,..,..,..,..,..,19030,20080,20650,21410,22530,23790,24920,26270,27630,29670,32440,33020,34350,34510,36010,37110,41330,43920,45120,44120,45180,47250,48080,49910,49110,50330,51520,55510,58490,59250,58240
"GNI per capita, PPP (current international $)",NY.GNP.PCAP.PP.CD,New Caledonia,NCL,..,..,..,..,..,..,..,..,..,..,..,..,..,..,..,..,..,..,..,..,..,..,..,..,..,..,..,..,..,..,..,..,..,..,..,..,..,..,..,..,..
"GNI per capita, PPP (current international $)",NY.GNP.PCAP.PP.CD,New Zealand,NZL,..,..,..,..,..,..,..,..,..,..,14240,13590,13960,14820,15940,16790,17090,18000,18460,19350,20290,21370,22130,22830,23680,24020,25890,27270,27660,29420,29670,31220,31620,34810,35790,36240,38670,40700,41050,44300,43030
"GNI per capita, PPP (current international $)",NY.GNP.PCAP.PP.CD,Nicaragua,NIC,..,..,..,..,..,..,..,..,..,..,1960,1790,1750,1770,1810,1990,2150,2270,2390,2550,2670,2750,2800,2890,3090,3310,3480,3720,3870,3710,3870,4150,4250,4390,4760,5090,5420,5690,5570,5470,5410
"GNI per capita, PPP (current international $)",NY.GNP.PCAP.PP.CD,Niger,NER,..,..,..,..,..,..,..,..,..,..,770,770,770,770,770,780,780,780,850,830,810,860,890,890,890,950,1000,1020,1070,1060,1120,1140,1200,1170,1190,1200,1190,1210,1290,1330,1230
"GNI per capita, PPP (current international $)",NY.GNP.PCAP.PP.CD,Nigeria,NGA,..,..,..,..,..,..,..,..,..,..,1940,1970,2030,1930,1920,1960,2040,2090,2090,2140,2090,2290,2590,2730,2990,3180,3610,3750,3970,4180,4450,4650,4740,4970,5320,5280,5120,5030,5040,5180,5000
"GNI per capita, PPP (current international $)",NY.GNP.PCAP.PP.CD,North Macedonia,MKD,..,..,..,..,..,..,..,..,..,..,5460,5340,4990,4780,4840,4900,5020,5150,5370,5620,6040,6010,6320,6520,7130,7710,8660,8910,10390,10930,11200,11480,11660,12430,13180,13450,14540,15080,16070,16750,16310
"GNI per capita, PPP (current international $)",NY.GNP.PCAP.PP.CD,Northern Mariana Islands,MNP,..,..,..,..,..,..,..,..,..,..,..,..,..,..,..,..,..,..,..,..,..,..,..,..,..,..,..,..,..,..,..,..,..,..,..,..,..,..,..,..,..
"GNI per capita, PPP (current international $)",NY.GNP.PCAP.PP.CD,Norway,NOR,..,..,..,..,..,..,..,..,..,..,17930,18950,20180,21080,22630,24050,26510,28310,27870,30290,36430,37780,38080,38810,42630,48320,54200,55760,61440,55680,58550,62670,65910,67670,67980,62880,61520,66400,72430,68830,65500
"GNI per capita, PPP (current international $)",NY.GNP.PCAP.PP.CD,Oman,OMN,..,..,..,..,..,..,..,..,..,..,25600,27100,28290,29420,30060,31520,32500,34810,36040,36420,39420,41370,40890,40490,41440,42000,44970,46790,48690,49110,41400,46940,48230,46440,42320,34780,32280,32000,31450,30330,28850
"GNI per capita, PPP (current international $)",NY.GNP.PCAP.PP.CD,Pakistan,PAK,..,..,..,..,..,..,..,..,..,..,1890,1990,2130,2150,2220,2310,2400,2390,2400,2470,2560,2630,2670,2830,3060,3290,3510,3680,3730,3770,3820,3940,3960,4040,4170,4300,4330,4500,4770,4800,4710
"GNI per capita, PPP (current international $)",NY.GNP.PCAP.PP.CD,Palau,PLW,..,..,..,..,..,..,..,..,..,..,..,..,..,..,..,..,..,..,..,..,11110,12000,12470,11860,12510,13590,14270,15460,15290,14200,14720,16200,16930,16710,17870,19390,19680,18910,19430,19130,16620
"GNI per capita, PPP (current international $)",NY.GNP.PCAP.PP.CD,Panama,PAN,..,..,..,..,..,..,..,..,..,..,4840,5240,5750,6190,6430,6380,6790,7120,7510,7660,7990,8040,8410,8420,9040,9780,10740,12300,13510,13640,13960,15990,17410,19480,20900,23700,25840,28610,29560,30570,25950
"GNI per capita, PPP (current international $)",NY.GNP.PCAP.PP.CD,Papua New Guinea,PNG,..,..,..,..,..,..,..,..,..,..,1400,1560,1710,2020,2160,2100,2200,2140,2020,2020,2000,1970,1970,1950,2050,2230,2250,2490,2520,2590,2820,2780,3040,3050,3700,3890,4100,4200,4180,4290,4240
"GNI per capita, PPP (current international $)",NY.GNP.PCAP.PP.CD,Paraguay,PRY,..,..,..,..,..,..,..,..,..,..,..,..,..,..,..,6020,6420,6430,6380,6230,5820,5890,6040,5850,6260,6530,7180,8020,8690,8590,9520,10130,9580,10620,11040,11050,11560,12170,12700,12760,12680
"GNI per capita, PPP (current international $)",NY.GNP.PCAP.PP.CD,Peru,PER,..,..,..,..,..,..,..,..,..,..,3150,3390,3370,3540,3970,4260,4430,4730,4730,4790,4930,5040,5310,5520,5780,6200,6680,7410,8250,8390,9020,9700,10090,10710,10990,11180,11520,11930,12430,12820,11520
"GNI per capita, PPP (current international $)",NY.GNP.PCAP.PP.CD,Philippines,PHL,..,..,..,..,..,..,..,..,..,..,2610,2650,2690,2760,2910,3040,3230,3430,3660,3730,3760,3890,4010,4200,4500,4800,5090,5460,5730,5880,6260,6500,6990,7390,7760,8010,8560,9020,9650,10220,9040
"GNI per capita, PPP (current international $)",NY.GNP.PCAP.PP.CD,Poland,POL,..,..,..,..,..,..,..,..,..,..,5860,5720,5920,6310,6870,7570,8220,8870,9420,9980,10630,11080,11760,12170,12930,13650,14830,16230,17980,18660,20320,22010,22860,23740,24520,25880,27210,28820,30630,32410,33000
"GNI per capita, PPP (current international $)",NY.GNP.PCAP.PP.CD,Portugal,PRT,..,..,..,..,..,..,..,..,..,..,11770,12750,13260,13290,13610,14510,15010,15770,16640,17660,18570,19190,20050,20640,21210,22420,23980,24990,25770,25580,26390,26340,25810,27560,28150,28870,30840,32270,34080,35230,33610
"GNI per capita, PPP (current international $)",NY.GNP.PCAP.PP.CD,Puerto Rico,PRI,..,..,..,..,..,..,..,..,..,..,9480,9950,10240,10820,11250,11830,12230,12970,13310,14430,15410,15840,16040,16470,18700,19180,19830,20690,20590,20160,20210,20840,21840,22320,22620,22900,23040,22940,23570,24470,24010
"GNI per capita, PPP (current international $)",NY.GNP.PCAP.PP.CD,Qatar,QAT,..,..,..,..,..,..,..,..,..,..,..,..,..,..,..,..,..,..,..,..,89190,95060,98680,100940,105810,95760,114330,116350,117680,110640,118390,128340,132440,131020,123250,90920,82490,91500,91250,91430,88070
"GNI per capita, PPP (current international $)",NY.GNP.PCAP.PP.CD,Romania,ROU,..,..,..,..,..,..,..,..,..,..,5260,4800,4500,4670,4970,5390,5700,5510,5480,5530,5810,6480,7090,7380,8610,9320,11170,13010,16410,16420,16780,17670,18540,19490,20560,21380,23950,26760,28770,31450,31610
"GNI per capita, PPP (current international $)",NY.GNP.PCAP.PP.CD,Russian Federation,RUS,..,..,..,..,..,..,..,..,..,..,8010,7840,6800,6350,5710,5570,5440,5580,5230,5680,6650,7260,7880,8970,10010,11540,14480,16280,19600,18760,19860,22130,23560,25170,24910,23420,23460,25230,28120,29020,29110
"GNI per capita, PPP (current international $)",NY.GNP.PCAP.PP.CD,Rwanda,RWA,..,..,..,..,..,..,..,..,..,..,550,570,660,660,350,500,550,600,610,600,630,670,750,770,830,930,1020,1100,1210,1270,1340,1440,1470,1520,1670,1770,1830,1910,2060,2240,2160
"GNI per capita, PPP (current international $)",NY.GNP.PCAP.PP.CD,Samoa,WSM,..,..,..,..,..,..,..,..,..,..,1690,1680,..,..,..,..,..,..,..,..,..,..,3720,3920,4210,4460,4680,5100,5210,5040,5200,5440,5290,5310,5350,5700,6180,6290,6310,6620,6510
"GNI per capita, PPP (current international $)",NY.GNP.PCAP.PP.CD,San Marino,SMR,..,..,..,..,..,..,..,..,..,..,..,..,..,..,..,..,..,..,..,..,..,..,..,..,..,..,..,..,..,..,..,..,..,..,..,..,..,..,..,..,..
"GNI per capita, PPP (current international $)",NY.GNP.PCAP.PP.CD,Sao Tome and Principe,STP,..,..,..,..,..,..,..,..,..,..,..,..,..,..,..,..,..,..,..,..,..,1770,1810,1950,2030,2200,2520,2620,2720,2730,2890,3010,2900,3350,3880,3820,3900,3940,4090,4160,4250
"GNI per capita, PPP (current international $)",NY.GNP.PCAP.PP.CD,Saudi Arabia,SAU,..,..,..,..,..,..,..,..,..,..,33290,37630,38520,38150,37690,38050,38360,38700,39860,38290,40070,39620,37930,41580,44900,47550,49050,50150,52960,50940,52220,56940,58220,56920,56940,49900,46590,48040,49210,49440,47790
"GNI per capita, PPP (current international $)",NY.GNP.PCAP.PP.CD,Senegal,SEN,..,..,..,..,..,..,..,..,..,..,1510,1560,1580,1580,1560,1650,1690,1730,1810,1900,1970,2060,2030,2140,2250,2360,2430,2500,2580,2580,2630,2630,2690,2700,2780,2910,3000,3110,3300,3410,3420
"GNI per capita, PPP (current international $)",NY.GNP.PCAP.PP.CD,Serbia,SRB,..,..,..,..,..,..,..,..,..,..,..,..,..,..,..,..,..,5720,6000,5530,6020,6490,7200,7600,8420,9070,10080,10890,12280,12350,12530,13220,13480,14060,14100,14240,14990,15540,16800,17830,18530
"GNI per capita, PPP (current international $)",NY.GNP.PCAP.PP.CD,Seychelles,SYC,..,..,..,..,..,..,..,..,..,..,8640,9120,10030,10660,10680,10330,10970,12460,13220,13320,13540,13840,12820,12930,13940,15590,17200,17880,17210,17380,18350,19500,20350,21200,22430,22610,23720,25220,27530,27700,24150
"GNI per capita, PPP (current international $)",NY.GNP.PCAP.PP.CD,Sierra Leone,SLE,..,..,..,..,..,..,..,..,..,..,690,750,600,660,620,630,670,640,630,630,670,620,770,820,860,890,930,1070,1150,1180,1150,1190,1450,1740,1750,1570,1420,1590,1580,1750,1690
"GNI per capita, PPP (current international $)",NY.GNP.PCAP.PP.CD,Singapore,SGP,..,..,..,..,..,..,..,..,..,..,23580,25150,27040,29430,33110,35360,36630,40100,38160,40460,43570,42850,44220,47460,51020,55400,62180,66820,65090,62720,74480,77300,78420,78530,81490,81040,83760,88090,88930,90320,86480
"GNI per capita, PPP (current international $)",NY.GNP.PCAP.PP.CD,Sint Maarten (Dutch part),SXM,..,..,..,..,..,..,..,..,..,..,..,..,..,..,..,..,..,..,..,..,..,..,..,..,..,..,..,..,..,31440,32950,36500,32540,32590,38380,37920,38220,37080,35390,..,..
"GNI per capita, PPP (current international $)",NY.GNP.PCAP.PP.CD,Slovak Republic,SVK,..,..,..,..,..,..,..,..,..,..,..,..,..,..,..,8740,9490,10110,10640,10670,11330,12390,13280,13500,14640,16220,18390,20640,23320,22960,24770,25240,26440,27710,28600,29230,28860,29520,30790,31410,31000
"GNI per capita, PPP (current international $)",NY.GNP.PCAP.PP.CD,Slovenia,SVN,..,..,..,..,..,..,..,..,..,..,..,..,..,..,..,13690,14340,15280,16030,17070,17960,18930,20060,20890,22440,23630,25400,26940,28830,27080,27460,28540,28590,29570,30590,30650,33080,35850,38380,40060,39470
"GNI per capita, PPP (current international $)",NY.GNP.PCAP.PP.CD,Solomon Islands,SLB,..,..,..,..,..,..,..,..,..,..,1340,1410,1590,1670,1800,1960,1970,1930,1920,1850,1620,1500,1410,1500,1630,1730,1770,1800,1850,1880,2060,2160,2240,2460,2430,2400,2470,2610,2730,2740,2680
"GNI per capita, PPP (current international $)",NY.GNP.PCAP.PP.CD,Somalia,SOM,..,..,..,..,..,..,..,..,..,..,..,..,..,..,..,..,..,..,..,..,..,..,..,..,..,..,..,..,..,..,..,..,..,810,930,1080,1130,1070,1150,1230,1240
"GNI per capita, PPP (current international $)",NY.GNP.PCAP.PP.CD,South Africa,ZAF,..,..,..,..,..,..,..,..,..,..,6830,6890,6750,6840,7060,7270,7560,7750,7740,7920,8320,8560,8960,9260,9890,10600,11390,12010,12480,12320,12660,13080,12880,13280,13260,13390,13400,13480,13810,13930,13140
"GNI per capita, PPP (current international $)",NY.GNP.PCAP.PP.CD,South Sudan,SSD,..,..,..,..,..,..,..,..,..,..,..,..,..,..,..,..,..,..,..,..,..,..,..,..,..,..,..,..,..,..,..,1630,1460,1980,1280,1080,..,..,..,..,..
"GNI per capita, PPP (current international $)",NY.GNP.PCAP.PP.CD,Spain,ESP,..,..,..,..,..,..,..,..,..,..,13520,14300,14680,14860,15260,16150,16740,17700,18850,19770,21430,22630,24100,24840,25900,27230,30150,31670,32340,31480,31220,31310,31470,32220,33400,34900,37380,39540,40750,41790,37990
"GNI per capita, PPP (current international $)",NY.GNP.PCAP.PP.CD,Sri Lanka,LKA,..,..,..,..,..,..,..,..,..,..,2290,2450,2600,2820,2990,3180,3340,3600,3780,3970,4270,4270,4480,4820,5170,5610,6170,6730,7140,7470,8110,8920,10130,10600,11000,11270,11900,12250,12810,13230,12870
"GNI per capita, PPP (current international $)",NY.GNP.PCAP.PP.CD,St. Kitts and Nevis,KNA,..,..,..,..,..,..,..,..,..,..,9150,9140,9530,10300,10960,11790,12420,13300,13050,13480,15080,15970,16170,15390,16520,18730,20000,20590,22070,21160,21250,21950,20850,21770,22180,22240,24390,25740,26940,28600,26190
"GNI per capita, PPP (current international $)",NY.GNP.PCAP.PP.CD,St. Lucia,LCA,..,..,..,..,..,..,..,..,..,..,6120,6250,6890,6940,7140,7290,7590,7550,7990,8250,8330,8030,8230,8600,9290,9450,11120,11360,12000,11810,12080,13090,12770,13180,12920,12410,13420,14130,14800,14990,11960
"GNI per capita, PPP (current international $)",NY.GNP.PCAP.PP.CD,St. Martin (French part),MAF,..,..,..,..,..,..,..,..,..,..,..,..,..,..,..,..,..,..,..,..,..,..,..,..,..,..,..,..,..,..,..,..,..,..,..,..,..,..,..,..,..
"GNI per capita, PPP (current international $)",NY.GNP.PCAP.PP.CD,St. Vincent and the Grenadines,VCT,..,..,..,..,..,..,..,..,..,..,3660,3710,4010,4390,4380,4830,5030,5260,5530,5690,5920,6210,6700,7250,7680,8130,9130,9800,10150,10170,9960,10110,10400,10850,10850,11360,12370,12190,12740,12910,12740
"GNI per capita, PPP (current international $)",NY.GNP.PCAP.PP.CD,Sudan,SDN,..,..,..,..,..,..,..,..,..,..,1510,1530,1660,1780,1840,1950,2100,2330,2380,2400,2520,2700,2810,2960,3110,3310,3510,3730,3810,3700,3620,3930,3600,3590,4340,4330,4660,4410,4210,4080,3860
"GNI per capita, PPP (current international $)",NY.GNP.PCAP.PP.CD,Suriname,SUR,..,..,..,..,..,..,..,..,..,..,6590,6870,6930,6450,6730,6790,6860,7170,7340,7160,7340,7240,8020,8590,9430,10220,10980,11950,12630,12900,13230,13620,15170,16390,17030,17170,14310,16280,17570,17790,14030
"GNI per capita, PPP (current international $)",NY.GNP.PCAP.PP.CD,Sweden,SWE,..,..,..,..,..,..,..,..,..,..,19910,20080,19930,19750,21160,22450,23290,24160,25330,27430,29640,29950,31010,32350,34050,34710,38710,42130,43610,41220,43370,45520,46470,47350,48180,49500,50720,52850,54530,56190,56740
"GNI per capita, PPP (current international $)",NY.GNP.PCAP.PP.CD,Switzerland,CHE,..,..,..,..,..,..,..,..,..,..,..,..,..,..,..,31530,32310,34130,35450,36660,39100,39290,39750,41270,42720,45080,49790,51420,50560,54230,57860,58510,61140,63430,64210,66830,67820,68170,68800,69440,69170
"GNI per capita, PPP (current international $)",NY.GNP.PCAP.PP.CD,Syrian Arab Republic,SYR,..,..,..,..,..,..,..,..,..,..,..,..,..,..,..,..,..,..,..,..,..,..,..,..,..,..,..,..,..,..,..,..,..,..,..,..,..,..,..,..,..
"GNI per capita, PPP (current international $)",NY.GNP.PCAP.PP.CD,Tajikistan,TJK,..,..,..,..,..,..,..,..,..,..,2640,2480,1770,1490,1010,1000,800,860,910,940,1000,1100,1240,1360,1540,1960,2250,2540,2780,2640,2880,3180,3510,3980,4090,3730,3600,3730,4050,4330,4500
"GNI per capita, PPP (current international $)",NY.GNP.PCAP.PP.CD,Tanzania,TZA,..,..,..,..,..,..,..,..,..,..,930,950,950,950,960,990,1040,1060,1090,1130,1180,1230,1320,1390,1490,1600,1730,1830,1920,1980,2050,2190,2070,2160,2210,2300,2420,2470,2620,2810,2760
"GNI per capita, PPP (current international $)",NY.GNP.PCAP.PP.CD,Thailand,THA,..,..,..,..,..,..,..,..,..,..,4250,4710,5110,5650,6170,6730,7120,6930,6330,6700,7160,7430,7890,8500,9190,9800,10610,11470,11800,11760,12640,13190,14190,14420,14680,15010,15840,16640,17630,18530,17710
"GNI per capita, PPP (current international $)",NY.GNP.PCAP.PP.CD,Timor-Leste,TLS,..,..,..,..,..,..,..,..,..,..,..,..,..,..,..,..,..,..,..,..,1760,1930,2190,1770,2040,2500,3790,5320,8240,6190,7310,9050,8730,7390,6270,5100,4230,4500,4530,5040,5190
"GNI per capita, PPP (current international $)",NY.GNP.PCAP.PP.CD,Togo,TGO,..,..,..,..,..,..,..,..,..,..,820,820,790,670,740,810,890,1000,970,960,950,960,990,1050,1040,990,1020,1010,1050,1090,1140,1280,1230,1280,1340,1440,1970,2010,2120,2220,2230
"GNI per capita, PPP (current international $)",NY.GNP.PCAP.PP.CD,Tonga,TON,..,..,..,..,..,..,..,..,..,..,2280,2490,2530,2670,2960,3160,3280,3370,3540,3670,3700,3860,4150,4240,4250,4300,4480,4560,4840,4670,4760,5190,5380,5520,5680,5830,6230,6720,6960,7180,7260
"GNI per capita, PPP (current international $)",NY.GNP.PCAP.PP.CD,Trinidad and Tobago,TTO,..,..,..,..,..,..,..,..,..,..,6500,6850,7670,7870,8160,8710,9310,10430,11510,12560,13430,14490,15950,18360,20910,22320,25850,27890,29280,27810,29040,27460,27390,28330,27850,26930,26030,26540,26120,26720,24790
"GNI per capita, PPP (current international $)",NY.GNP.PCAP.PP.CD,Tunisia,TUN,..,..,..,..,..,..,..,..,..,..,3670,3830,4110,4150,4320,4470,4780,5090,5350,5690,6000,6320,6460,6860,7410,7760,8380,9030,9460,9790,10160,10100,10300,10310,10650,10510,10700,10910,11290,11410,10550
"GNI per capita, PPP (current international $)",NY.GNP.PCAP.PP.CD,Turkey,TUR,..,..,..,..,..,..,..,..,..,..,8430,8640,9220,10040,9480,10250,11000,11830,9000,8650,9490,9050,9220,9530,10830,11880,13600,14850,16020,15410,17400,19630,20620,22240,23880,25460,26230,27550,27530,26410,26900
"GNI per capita, PPP (current international $)",NY.GNP.PCAP.PP.CD,Turkmenistan,TKM,..,..,..,..,..,..,..,..,..,..,..,..,..,4470,3740,3410,3630,3270,3460,4000,4120,4420,4450,4680,4980,5420,6190,7210,8100,8460,8990,10200,10920,11630,12280,12890,13500,13620,14560,15600,..
"GNI per capita, PPP (current international $)",NY.GNP.PCAP.PP.CD,Turks and Caicos Islands,TCA,..,..,..,..,..,..,..,..,..,..,..,..,..,..,..,..,..,..,..,..,..,..,..,..,..,..,..,..,..,..,..,..,..,..,22070,24140,26420,26620,28010,29620,..
"GNI per capita, PPP (current international $)",NY.GNP.PCAP.PP.CD,Tuvalu,TUV,..,..,..,..,..,..,..,..,..,..,..,..,..,..,..,..,..,..,..,..,..,4730,5840,4050,4460,4400,4410,5150,5120,5260,4690,4750,4050,5030,4420,5670,5640,5570,6080,6160,6430
"GNI per capita, PPP (current international $)",NY.GNP.PCAP.PP.CD,Uganda,UGA,..,..,..,..,..,..,..,..,..,..,670,700,710,770,810,900,970,1020,1050,1110,1130,1170,1260,1320,1400,1480,1640,1780,1910,1990,2050,2220,1970,1970,2040,2090,2060,2030,2110,2220,2260
"GNI per capita, PPP (current international $)",NY.GNP.PCAP.PP.CD,Ukraine,UKR,..,..,..,..,..,..,..,..,..,..,7800,7330,6590,5650,4540,4090,3780,3760,3740,3790,3990,4550,4920,5550,6440,6880,7620,8590,8940,7640,8240,8790,9600,10950,10620,10590,11260,12030,12760,13510,13390
"GNI per capita, PPP (current international $)",NY.GNP.PCAP.PP.CD,United Arab Emirates,ARE,..,..,..,..,..,..,..,..,..,..,..,..,..,..,..,..,..,..,..,..,103170,101470,96350,99200,102360,99230,97720,89930,80690,68870,64860,67710,69160,70460,73740,65220,64340,67670,68810,71500,66690
"GNI per capita, PPP (current international $)",NY.GNP.PCAP.PP.CD,United Kingdom,GBR,..,..,..,..,..,..,..,..,..,..,17450,17830,18470,19320,20770,19980,21230,22710,23790,24380,26570,28000,29440,30740,32390,33180,34870,35520,36510,34940,36590,37510,38120,39400,40720,41890,43520,45770,46910,48760,45870
"GNI per capita, PPP (current international $)",NY.GNP.PCAP.PP.CD,United States,USA,..,..,..,..,..,..,..,..,..,..,23640,24100,25090,25910,27250,28450,29870,31500,33120,34730,36800,37710,38430,39760,42070,44550,47140,48300,48400,47030,49050,50870,53130,54380,56670,58180,58870,61190,64090,66120,64610
"GNI per capita, PPP (current international $)",NY.GNP.PCAP.PP.CD,Uruguay,URY,..,..,..,..,..,..,..,..,..,..,6170,6640,7310,7640,8300,8310,8880,9800,10290,10250,10230,10030,9480,9290,10000,11250,12130,13250,14320,14960,16190,17390,16830,18110,18780,19290,21410,21730,22250,22850,21570
"GNI per capita, PPP (current international $)",NY.GNP.PCAP.PP.CD,Uzbekistan,UZB,..,..,..,..,..,..,..,..,..,..,..,..,2360,2320,2200,2190,2220,2310,2410,2520,2620,2750,2880,3030,3330,3640,3960,4590,5090,5300,5560,5950,6130,6410,6580,6790,6860,6970,7460,7750,7710
"GNI per capita, PPP (current international $)",NY.GNP.PCAP.PP.CD,Vanuatu,VUT,..,..,..,..,..,..,..,..,..,..,1670,1530,1520,1520,1620,1650,1740,1850,2030,2060,2120,2110,1930,1990,2060,2150,2400,2470,2710,2660,2670,2760,2660,2770,2920,2880,2980,3090,3260,3530,3320
"GNI per capita, PPP (current international $)",NY.GNP.PCAP.PP.CD,"Venezuela, RB",VEN,..,..,..,..,..,..,..,..,..,..,9440,10510,10950,11000,10700,11200,11160,11790,11740,11130,11610,11980,10750,9960,11830,13450,15140,16930,17760,16900,16530,17090,..,..,..,..,..,..,..,..,..
"GNI per capita, PPP (current international $)",NY.GNP.PCAP.PP.CD,Vietnam,VNM,..,..,..,..,..,..,..,..,..,..,860,930,1030,1120,1240,1390,1510,1630,1710,1810,1960,2110,2250,2420,2640,2910,3160,3420,3650,3780,4050,4330,4840,5130,5470,5720,6120,6610,7270,7840,8150
"GNI per capita, PPP (current international $)",NY.GNP.PCAP.PP.CD,Virgin Islands (U.S.),VIR,..,..,..,..,..,..,..,..,..,..,..,..,..,..,..,..,..,..,..,..,..,..,..,..,..,..,..,..,..,..,..,..,..,..,..,..,..,..,..,..,..
"GNI per capita, PPP (current international $)",NY.GNP.PCAP.PP.CD,West Bank and Gaza,PSE,..,..,..,..,..,..,..,..,..,..,..,..,..,..,2470,2600,2540,2870,3340,3570,3100,2710,2310,2610,3150,3590,3600,3800,4030,4200,4360,4780,5610,5810,6090,6680,7080,7250,7580,7660,6620
"GNI per capita, PPP (current international $)",NY.GNP.PCAP.PP.CD,"Yemen, Rep.",YEM,..,..,..,..,..,..,..,..,..,..,2050,2090,2220,2260,2340,2360,2320,2400,2590,2550,2720,2840,2890,2930,3010,3190,3410,3520,3590,3750,3920,3350,3340,3520,..,..,..,..,..,..,..
"GNI per capita, PPP (current international $)",NY.GNP.PCAP.PP.CD,Zambia,ZMB,..,..,..,..,..,..,..,..,..,..,1350,1320,1310,1430,1320,1360,1440,1480,1440,1510,1570,1660,1720,1840,1900,2020,2150,2280,2530,2850,2970,3160,3360,3430,3470,3360,3300,3330,3550,3550,3360
"GNI per capita, PPP (current international $)",NY.GNP.PCAP.PP.CD,Zimbabwe,ZWE,..,..,..,..,..,..,..,..,..,..,1740,1850,1680,1710,1870,1890,2110,2170,2220,2230,2190,2270,2110,1780,1710,1650,1620,1580,1290,1510,1810,2070,2340,2520,2570,2630,2750,3730,3950,3710,3420
"GNI per capita, PPP (current international $)",NY.GNP.PCAP.PP.CD,Africa Eastern and Southern,AFE,..,..,..,..,..,..,..,..,..,..,1738.72148319885,1769.67771498357,1680.64574726221,1712.78194480053,1733.42056866781,1836.68308348474,1922.30716081553,1989.47210324202,1992.95017838088,2012.02067573704,2080.56924194748,2145.14381764529,2212.78962772512,2272.01117587628,2402.43138879113,2560.85794002621,2736.49091429786,2905.32457694379,3001.08106257087,2984.09035795258,3066.11007216218,3177.26607032999,3121.57171265352,3238.88147778382,3388.99210480472,3428.44120363291,3547.83721174955,3603.50665824017,3686.81539639842,3742.61295023065,3591.37255762039
"GNI per capita, PPP (current international $)",NY.GNP.PCAP.PP.CD,Africa Western and Central,AFW,..,..,..,..,..,..,..,..,..,..,1635.39713325986,1671.52029436727,1696.43266307708,1646.24845386983,1655.55732100894,1691.30595366025,1707.18280373168,1768.12075015548,1796.047321605,1832.30424183895,1803.82794028268,1922.50911971842,2084.75936171836,2171.20042840517,2336.2388788618,2497.16569470753,2765.35041789745,2870.95408105347,3020.04176991712,3134.7455334374,3286.99423540166,3417.49959950201,3532.96268476183,3762.24046358426,4051.91937033568,4021.29086825526,3959.12689278625,3972.51385426285,4048.23081838823,4177.24164236907,4097.57909133569
"GNI per capita, PPP (current international $)",NY.GNP.PCAP.PP.CD,Arab World,ARB,..,..,..,..,..,..,..,..,..,..,6865.34936948346,7429.28557028302,7833.78183475953,8068.69010067536,8172.70036310376,8321.67265138672,8583.06738982786,8882.05029321078,9397.54346935907,9460.8392180678,10049.644973801,10261.6594543471,10115.3629515656,10491.2815076064,11537.5156508013,12183.3987019695,13103.0051249656,13794.5774970897,14495.8531104571,14280.0571417692,14587.0079920984,15068.9176024203,16026.8597804761,16004.5106889278,15746.2325373402,14189.174077508,13749.6850094411,14234.6791487846,14574.626384131,14830.100910676,14094.0253987873
"GNI per capita, PPP (current international $)",NY.GNP.PCAP.PP.CD,Caribbean small states,CSS,..,..,..,..,..,..,..,..,..,..,5727.8023355776,5957.0570154463,6310.5403300339,6741.97457894638,6934.9567997032,7359.43082571735,7793.73249955374,8044.08929250969,8214.66703896737,8646.84742742958,9036.9640860857,9349.74394994108,9817.41172770968,10542.3580704397,11343.9050361426,11964.5996765721,13148.4686542601,13973.3492396095,14433.2837800604,13873.6237356522,14222.8245497951,14183.553729592,14393.273531208,14784.0808547488,14850.7101344228,14818.4903723586,14662.0830412829,15299.638622832,15631.4984761777,16098.8926661869,14781.4995005387
"GNI per capita, PPP (current international $)",NY.GNP.PCAP.PP.CD,Central Europe and the Baltics,CEB,..,..,..,..,..,..,..,..,..,..,..,..,6543.4102414094,6853.81136224554,7315.67080374168,7898.91817702428,8305.29426635923,8579.99731365834,8963.22465585172,9246.41276408058,9864.44226052408,10640.2652079963,11447.7844625275,12049.0608055089,13001.0580918544,13907.6010274839,15370.7773854922,16928.9428333378,19029.3778634111,19120.1189321501,20091.8416238831,21349.858032709,22188.8916933902,23251.1257246249,24208.7082635455,25235.8981840421,26911.3732208547,28890.1997333396,30825.5072783357,32672.7163321253,32835.1821865882
"GNI per capita, PPP (current international $)",NY.GNP.PCAP.PP.CD,Early-demographic dividend,EAR,..,..,..,..,..,..,..,..,..,..,2861.44727320367,3039.69028304126,3178.18638213982,3275.35846528937,3374.53526041062,3495.15706516136,3686.77586978596,3843.322221428,3809.05338442143,3878.44891104337,4068.19547422151,4180.90932674753,4257.28658278248,4491.37363049,4825.86638313034,5193.01079054778,5651.04665526689,6087.37935622233,6378.92577726012,6472.89546797277,6866.66751221637,7264.69881198701,7628.80306823271,7860.2159250097,8079.81860430626,8181.97129877516,8441.76356735248,8868.99559483007,9283.11536659799,9512.81045092398,9111.1664712627
"GNI per capita, PPP (current international $)",NY.GNP.PCAP.PP.CD,East Asia & Pacific,EAS,..,..,..,..,..,..,..,..,..,..,3218.08817153182,3461.71954579512,3685.35055575562,3930.0753419071,4220.67447351588,4516.52902815742,4838.61331493503,5096.90400706162,5079.62975715935,5307.13596660263,5712.21661145915,6023.61442294608,6400.31351265346,6824.18334273553,7409.74015037712,8039.83351010811,8865.39599888597,9826.12318857145,10465.047658109,10812.0091412619,11731.7183404988,12593.9505751811,13451.7517482119,14102.5501477908,14684.0826817279,15053.9654613028,15533.0989083335,16274.7994779092,17323.7840255739,18277.6926595194,18454.6154912823
"GNI per capita, PPP (current international $)",NY.GNP.PCAP.PP.CD,East Asia & Pacific (excluding high income),EAP,..,..,..,..,..,..,..,..,..,..,1415.89269545822,1553.56576053299,1727.60473602796,1931.9594665501,2158.25289059422,2365.75951779584,2591.35947193208,2784.25470763025,2794.79097093222,2963.27817739497,3222.14166681146,3484.75733278186,3789.64377903664,4158.4503358834,4610.31969854617,5143.7930259388,5838.77923883281,6677.60682127955,7339.03412173705,7848.98584139078,8627.05450334442,9437.45924390408,10259.8812932139,10784.2968725923,11357.8886131425,11622.9509342502,12129.6449699394,12821.6643669355,13847.6755495065,14833.598547212,15028.2387101795
"GNI per capita, PPP (current international $)",NY.GNP.PCAP.PP.CD,East Asia & Pacific (IDA & IBRD countries),TEA,..,..,..,..,..,..,..,..,..,..,1432.27755717018,1571.55103140832,1747.64648282592,1954.43001036837,2183.40020271682,2393.3413431047,2621.54633973167,2816.61995554439,2827.19422300314,2997.56121305414,3259.36998786756,3525.0008542157,3833.40773231281,4206.47022684224,4663.5487250397,5203.12433965157,5906.00501905881,6754.31708666285,7423.10638768778,7938.63983536093,8725.34058000821,9544.67018129594,10375.9856309038,10905.8941744944,11485.5378983556,11753.2081807645,12265.176199328,12964.4519542547,14001.5472434361,14998.1922517157,15194.8843763907
"GNI per capita, PPP (current international $)",NY.GNP.PCAP.PP.CD,Euro area,EMU,..,..,..,..,..,..,..,..,..,..,17049.2293906545,17973.913527177,18545.2703497577,18802.8462736606,19575.6755923559,20456.3283922208,21113.8190198362,21952.4910162677,22941.8212272135,23885.2859655398,25352.9353688798,26449.3811436652,27385.7722861181,27848.8949566175,29063.7112134704,30091.3782571573,32631.5186325998,34405.2216335056,35548.4953123572,34882.9231716342,35886.3555597764,37602.4065910475,38048.3620697084,39265.893757421,40177.0265189468,41100.4981769125,43711.9532473002,45834.4994960963,47917.6594952857,49169.1556739178,47269.8948880968
"GNI per capita, PPP (current international $)",NY.GNP.PCAP.PP.CD,Europe & Central Asia,ECS,..,..,..,..,..,..,..,..,..,..,11796.7644918166,12115.4947112914,12175.7502658981,12277.526890125,12494.0708618506,12861.6494673843,13309.9164116638,13903.6546260889,14178.281493142,14741.2936066274,15883.9556748612,16666.6672426493,17438.3460703319,18112.1768902039,19264.1427283461,20317.0691340874,22463.9934210212,23974.7835145289,25500.1904276624,24909.7057338079,26010.4098837074,27536.9158291238,28311.8567905466,29587.3303218548,30293.6568215483,30706.229880167,32118.6237053274,33828.0888638935,35518.9631560259,36457.2278744923,35583.9397596307
"GNI per capita, PPP (current international $)",NY.GNP.PCAP.PP.CD,Europe & Central Asia (excluding high income),ECA,..,..,..,..,..,..,..,..,..,..,6905.91945012385,6730.32198868148,6204.16586044899,6001.8091139544,5464.39945349603,5487.2536609926,5558.00579873016,5765.17589976884,5260.10332916082,5425.49667420812,6055.74004229606,6446.12229058317,6911.81966923966,7576.69364162024,8520.07702802141,9535.11324132597,11343.2950072534,12681.023381414,14534.8298208053,14029.0383142996,15003.5164417016,16496.6849669154,17525.4043408658,18846.2945289227,19261.0407384913,19002.8687084785,19411.0476258206,20647.6507083657,22031.9682679084,22512.768707942,22599.6712520164
"GNI per capita, PPP (current international $)",NY.GNP.PCAP.PP.CD,Europe & Central Asia (IDA & IBRD countries),TEC,..,..,..,..,..,..,..,..,..,..,6818.11524688152,6647.09658648184,6194.51129724654,6050.2081310714,5612.38538125017,5698.51088915896,5828.32931898025,6081.30302698281,5678.71007041839,5876.27715492752,6504.57595291668,6904.79529706401,7396.34988615575,8037.92276534835,8966.87148544865,9951.94837910884,11706.6652603368,13055.0732715786,14891.5882110955,14484.5502381467,15504.7380767319,17007.524134964,18011.7955722391,19288.8380529808,19730.145499166,19619.3717458889,20108.484542288,21381.7596936909,22800.5832943251,23395.531095708,23509.2229995331
"GNI per capita, PPP (current international $)",NY.GNP.PCAP.PP.CD,European Union,EUU,..,..,..,..,..,..,..,..,..,..,14726.067942672,15412.8673124178,15886.2791108386,16150.9196503684,16880.2562657768,17712.1376554847,18326.9169416095,19040.4010904421,19899.5199247859,20732.6812665209,22052.6810727289,23084.7655838173,24025.4790980513,24551.3688406067,25751.5175085895,26749.4853386218,29107.1589540565,30873.9641282763,32267.1378947033,31768.5538259556,32826.2267095921,34456.1464326544,34992.5898242231,36187.7674731831,37122.6837434968,38110.4612848383,40539.2021460813,42671.8968803308,44735.6277244774,46143.7422196418,44778.3516320073
"GNI per capita, PPP (current international $)",NY.GNP.PCAP.PP.CD,Fragile and conflict affected situations,FCS,..,..,..,..,..,..,..,..,..,..,1682.04277872958,1763.00467808171,1837.55412804041,1881.16472529719,1875.76812063064,1920.08351022829,1996.55274899364,2112.37331586657,2224.39894796806,2278.67437783254,2386.65036128783,2494.22295478057,2475.97988156648,2368.89177897267,2714.7646126236,2892.33803762027,3212.12354602442,3443.92670059391,3661.83555186553,3726.09203301964,3866.39074212544,3828.46022736182,4110.34953894666,4237.56483416086,4336.29262002024,4111.41979400601,4105.7364231339,4243.03961114564,4347.269708691,4480.33317434684,4223.64380889556
"GNI per capita, PPP (current international $)",NY.GNP.PCAP.PP.CD,Heavily indebted poor countries (HIPC),HPC,..,..,..,..,..,..,..,..,..,..,1015.61370499697,1026.64521984528,1028.67866953233,1049.81209049492,1050.98219981616,1093.27333121798,1118.57944580425,1165.98896264095,1191.52962557697,1213.67116381359,1239.92650132948,1283.11706739051,1314.17820680578,1359.92413865411,1435.64912079258,1526.97228483381,1626.0598127351,1715.99794339273,1800.17810265522,1834.70361721201,1894.33230434145,1959.42679205059,1954.53180320251,2076.6520823136,2258.55373244357,2311.51237961437,2402.26577468568,2465.15530372591,2556.4494446707,2646.91217109774,2617.18049611354
"GNI per capita, PPP (current international $)",NY.GNP.PCAP.PP.CD,High income,HIC,..,..,..,..,..,..,..,..,..,..,18355.2688599436,19183.6219276591,19953.6831663096,20533.1023472707,21520.4590068331,22410.7945220805,23444.3548186606,24553.0835097977,25449.7839483747,26468.0163325451,28204.6785541639,29131.907475256,29972.9932739652,30985.7707576796,32762.8283443981,34408.1978742584,36779.7057544746,38371.3523845246,39140.6582873566,38148.507011684,39770.7451951343,41547.4642360068,42836.6086342548,44182.1653569782,45426.8708312998,46100.3685303093,47282.0302345897,49270.9300272381,51271.8303711151,52561.6989440022,51275.864411099
"GNI per capita, PPP (current international $)",NY.GNP.PCAP.PP.CD,IBRD only,IBD,..,..,..,..,..,..,..,..,..,..,2851.61148263042,2971.45675561675,3058.53432855998,3190.28221195653,3322.47097162435,3484.21411438169,3687.73476813538,3888.6966953044,3909.27292550747,4059.94499637023,4354.9757267237,4576.59456118225,4806.71376635677,5124.38460500158,5611.86499478283,6131.00404322028,6871.8588640342,7624.25635177452,8244.75839951804,8476.17387521442,9125.82835283454,9811.51002139653,10430.3763087591,10892.1902700946,11245.1653202538,11329.718687131,11710.491344094,12339.7667231895,13112.0391195082,13707.5263434336,13500.300385838
"GNI per capita, PPP (current international $)",NY.GNP.PCAP.PP.CD,IDA & IBRD total,IBT,..,..,..,..,..,..,..,..,..,..,2539.84284475587,2640.02753674075,2713.15855458867,2816.99061877423,2922.23069192999,3056.56055010674,3223.70589482578,3386.83712743297,3404.07816648842,3526.90605410875,3762.18407112364,3946.26823793946,4134.74047471564,4393.00107595935,4793.8241548756,5218.75137619147,5822.76405284446,6424.83965895519,6916.62563685163,7096.25013513031,7605.90941484683,8140.78566361335,8615.23517430571,8985.47848906415,9281.4292680897,9345.39320593285,9631.81139432014,10108.9694873371,10703.3073627399,11154.8469705524,10964.2814324581
"GNI per capita, PPP (current international $)",NY.GNP.PCAP.PP.CD,IDA blend,IDB,..,..,..,..,..,..,..,..,..,..,1907.36665325647,1968.48015857666,2043.97584656645,2013.23659954696,2038.89342231485,2088.31750577103,2170.85825664498,2198.75027307833,2219.50333792262,2276.60532292434,2301.2197606253,2418.94091327353,2544.97149524512,2664.01133058082,2881.41256454636,3080.66341690114,3365.42313664406,3541.70814854393,3673.98061718679,3759.57769212261,3923.74613932193,4093.14399884141,4177.15047381405,4332.75847309595,4564.7385111631,4638.539270994,4651.26069287924,4749.66631973741,4920.88288348539,5015.58930802113,4893.725623438
"GNI per capita, PPP (current international $)",NY.GNP.PCAP.PP.CD,IDA only,IDX,..,..,..,..,..,..,..,..,..,..,911.306220552029,930.188936173083,941.938387757672,971.5916048961,982.179246547362,1027.31513420624,1054.84871456758,1100.44909045623,1132.14872033557,1165.72580710881,1212.02960904522,1266.45321708032,1305.86564538683,1364.29894079413,1451.46484884441,1556.34133410464,1679.86522546141,1805.00045322173,1913.75843141793,1972.43278727877,2062.57776900338,2148.10559871986,2227.53575304588,2376.38677648858,2550.06842302621,2629.92185495707,2746.2783247926,2858.05372489844,3019.90125542195,3180.833506391,3194.77923755543
"GNI per capita, PPP (current international $)",NY.GNP.PCAP.PP.CD,IDA total,IDA,..,..,..,..,..,..,..,..,..,..,1245.40410701796,1278.57175207563,1311.63541565077,1319.39201466725,1334.84643319556,1380.83545614728,1426.9691141747,1466.33845442929,1494.27914268599,1535.73214852036,1574.23723040373,1649.6430530837,1717.97829603649,1796.22675021712,1926.71621597364,2062.68109813392,2240.05585833569,2381.77359488905,2498.03296080001,2565.93881308225,2681.52607529445,2795.94155518879,2877.4378306924,3028.9684274579,3222.12371770764,3299.95221905935,3380.28015973233,3486.86184839079,3650.81764826298,3787.77733270626,3754.80034645577
"GNI per capita, PPP (current international $)",NY.GNP.PCAP.PP.CD,Late-demographic dividend,LTE,..,..,..,..,..,..,..,..,..,..,2794.21876809219,2904.34590264586,2972.91842333589,3162.16236361263,3353.48364743397,3566.65376030649,3772.85651725445,3994.79524077739,4079.78214732776,4280.96215719707,4672.1622273555,4980.79646108754,5338.0766130699,5797.9386265741,6415.0430218605,7096.87656815319,8105.30112264101,9143.75577395111,10077.1272700609,10431.4089683507,11296.1618828135,12327.699375597,13192.1973907741,13888.1116885929,14436.9964252415,14419.4322964088,14857.1671019992,15697.6377790524,16854.4109026385,17853.8287587456,18011.8585971737
"GNI per capita, PPP (current international $)",NY.GNP.PCAP.PP.CD,Latin America & Caribbean,LCN,..,..,..,..,..,..,..,..,..,..,5968.29837728581,6315.35539607375,6547.09241150057,6737.59947052149,7115.87114866321,7222.68234720063,7479.08491555507,7881.71335428593,7998.288672344,7980.2432712834,8401.69152684367,8512.99662218124,8527.12876609246,8733.83949712521,9338.28710865466,9934.63951327081,10877.9357815625,11695.8632466183,12304.7056625867,12101.5086662295,12807.4068164108,13654.3667039559,13946.7607052962,14458.2251394021,14774.9635300414,14613.6528046617,14842.1757273779,15448.187611823,15828.7964964866,16031.843642599,15152.2375497936
"GNI per capita, PPP (current international $)",NY.GNP.PCAP.PP.CD,Latin America & Caribbean (excluding high income),LAC,..,..,..,..,..,..,..,..,..,..,5883.36647653171,6193.76688022189,6396.76651823362,6580.49481789168,6995.87581145191,7053.1357570179,7307.35168849318,7688.38846811644,7797.96635629296,7798.04220748306,8215.64844760858,8301.42017445262,8371.09411883512,8627.08640744923,9152.40737617922,9690.95908140254,10562.0778082623,11322.5845043742,11943.4422945169,11774.0474529495,12513.9063888081,13358.6193047845,13622.7887241733,14121.8238960226,14429.4153496723,14247.82834551,14440.3367415532,15028.2473681768,15364.4616214109,15550.0958388964,14661.5051276907
"GNI per capita, PPP (current international $)",NY.GNP.PCAP.PP.CD,Latin America & the Caribbean (IDA & IBRD countries),TLA,..,..,..,..,..,..,..,..,..,..,5977.04495066447,6325.17520172584,6557.25470701001,6744.25105393952,7122.69016419133,7222.71543665209,7476.61416045846,7878.42896403117,7992.87807476873,7962.59738331848,8379.75741550169,8487.91861095013,8499.33090650304,8704.05833158077,9298.23313374926,9897.30058522916,10844.3950358476,11664.3773121132,12278.5642779369,12075.8143246152,12787.8315257406,13638.7449917262,13929.2007701903,14443.183329193,14759.9053498711,14593.2192141578,14821.9246353435,15432.2062291979,15811.7391614616,16007.7672685118,15126.6969839918
"GNI per capita, PPP (current international $)",NY.GNP.PCAP.PP.CD,Least developed countries: UN classification,LDC,..,..,..,..,..,..,..,..,..,..,870.808874235225,900.453047093145,878.562700188574,909.777969175428,920.5490452976,989.251040262227,1038.22135125709,1089.43058162994,1118.54993359377,1145.8310953102,1197.78943488505,1255.25693445184,1306.99840460423,1366.69464627433,1457.16934440905,1568.46630141748,1701.40761268066,1843.04767877912,1956.5092193319,2025.44928438037,2117.25737884883,2203.21501647391,2282.91501607294,2389.73621125972,2538.52449469939,2594.32105750673,2708.17458491899,2816.57839154521,2955.64510175514,3099.15210625853,3095.40524161204
"GNI per capita, PPP (current international $)",NY.GNP.PCAP.PP.CD,Low & middle income,LMY,..,..,..,..,..,..,..,..,..,..,2457.66886837195,2553.9940470382,2621.58402498194,2721.53430256151,2823.48523644888,2949.10972754255,3110.96980208922,3265.6104846754,3277.85878171396,3402.26675722799,3632.5363572308,3812.74269908611,4003.86740515202,4266.19490852423,4655.39384025866,5070.48548232462,5657.90023806603,6244.98132261366,6726.81056051118,6911.4367015962,7414.5175594359,7937.81148378107,8406.64936331488,8770.32137138904,9062.10255728682,9118.48810407654,9395.10658024779,9860.73135745954,10442.1249373555,10883.9787966642,10693.7720681757
"GNI per capita, PPP (current international $)",NY.GNP.PCAP.PP.CD,Low income,LIC,..,..,..,..,..,..,..,..,..,..,710.065484500125,721.817034658911,733.891780303662,764.665503795258,776.115566105368,808.353886156579,853.142733273212,891.966163398153,913.966142856729,925.434454281951,955.665279644875,1001.62766994065,1024.9207442564,1061.03226533402,1122.80221798947,1196.34859811859,1277.96077082953,1361.00016653764,1419.71038132533,1445.39261532833,1505.49026299337,1522.23026094905,1475.59461589306,1531.36092424243,1665.2464117847,1730.21500261771,1842.24907653135,1886.17692322938,1945.66003804658,2014.46562249749,1992.44106408675
"GNI per capita, PPP (current international $)",NY.GNP.PCAP.PP.CD,Lower middle income,LMC,..,..,..,..,..,..,..,..,..,..,1992.04425177855,2066.28625818331,2118.36407007713,2160.14339871128,2220.58839386777,2334.39445607588,2462.90246244976,2548.84567539112,2559.95119148093,2658.91166987095,2775.68581885637,2922.29138598385,3056.69623202881,3254.95810598401,3500.78967295057,3769.17582674407,4091.81818453993,4432.90264515625,4629.11535760911,4795.68553813944,5089.63842186291,5360.59032720076,5655.62602862673,5862.17831767589,6025.98650864351,6128.72505099363,6349.95092144482,6650.55951963337,7040.136376568,7325.58727828589,7053.85981819032
"GNI per capita, PPP (current international $)",NY.GNP.PCAP.PP.CD,Middle East & North Africa,MEA,..,..,..,..,..,..,..,..,..,..,7761.2681146734,8523.59787306277,8935.41678613165,9166.62302685144,9223.99197569636,9400.90290074728,9749.03027602627,10021.443029101,10520.8915771284,10617.9204147371,11316.2613865137,11546.207374711,11590.1345910961,12105.1448921274,13206.4768694965,13907.4551475362,14932.2186996824,15866.5345176469,16521.6133829636,16339.8134848027,16844.2470517081,17456.7465878915,18071.200487117,17984.154175287,17679.1971956556,15956.8937101673,15649.6905200067,16257.8863100083,16496.2202659982,16583.1557105556,15989.9768957897
"GNI per capita, PPP (current international $)",NY.GNP.PCAP.PP.CD,Middle East & North Africa (excluding high income),MNA,..,..,..,..,..,..,..,..,..,..,4514.57481099797,4864.90156373647,5093.84475973698,5243.61877297593,5301.37915365609,5434.52360925931,5738.14647441052,5936.76296607286,6316.12584687443,6561.83829618269,7033.22977063167,7264.76291563353,7440.88457799394,7574.78392616795,8256.79776971023,8638.26813429203,9288.55253930698,10024.9778485694,10471.3988853883,10599.3260593591,11015.2507046042,10930.3247701895,11246.2143545054,11117.965575928,10760.2729177943,10094.5524005817,10083.3817675218,10358.8031800232,10478.7249199072,10499.326598368,10177.6414475866
"GNI per capita, PPP (current international $)",NY.GNP.PCAP.PP.CD,Middle East & North Africa (IDA & IBRD countries),TMN,..,..,..,..,..,..,..,..,..,..,4534.54734076076,4887.26333950477,5118.20769900121,5269.74963626461,5328.93886384234,5462.74388413023,5770.80108736906,5968.76591811422,6347.27953068675,6593.26993608636,7075.29549205396,7314.05057799014,7497.01436461484,7629.5232578987,8313.59564444725,8694.99030503919,9352.88823751345,10096.0115037967,10545.5565692613,10673.7278769076,11093.2115630654,11002.9805336366,11313.4066676165,11181.6308661588,10816.5336654392,10135.8261370597,10119.862354825,10396.7291933337,10514.337568989,10534.4299851556,10222.0604095408
"GNI per capita, PPP (current international $)",NY.GNP.PCAP.PP.CD,Middle income,MIC,..,..,..,..,..,..,..,..,..,..,2587.21302271204,2691.2223681524,2764.81418925864,2872.21593558731,2983.17826616769,3118.39719540519,3291.91042044819,3458.26924728353,3472.4439492898,3608.73527534643,3858.6385687754,4053.91510161825,4263.36995900896,4549.78590079966,4972.92124957952,5424.38671179305,6064.2551524997,6705.37587784595,7235.06509352057,7443.3704970389,7998.2417486754,8580.32348736509,9109.69961310454,9514.45171775495,9834.19430761191,9901.51286937989,10208.2957952424,10731.3133873455,11383.2823250906,11882.2436806782,11690.056175084
"GNI per capita, PPP (current international $)",NY.GNP.PCAP.PP.CD,North America,NAC,..,..,..,..,..,..,..,..,..,..,23099.2198204547,23545.8337870871,24516.7319582059,25322.6526065426,26638.9227817368,27812.7109085004,29204.6526142732,30810.2527316648,32362.7208198502,33961.9546534855,35998.3293800772,36895.069844279,37618.3910339446,38956.8837868346,41198.6196461194,43675.7509899133,46199.0162427374,47390.0385570239,47554.9774867842,46158.017998202,48088.3492043042,49881.5728264648,51977.2194127479,53311.6597286407,55505.9533630238,56762.359617936,57573.7852184756,59828.4462673768,62570.9066711667,64330.3143210095,62694.7079644261
"GNI per capita, PPP (current international $)",NY.GNP.PCAP.PP.CD,Not classified,INX,..,..,..,..,..,..,..,..,..,..,..,..,..,..,..,..,..,..,..,..,..,..,..,..,..,..,..,..,..,..,..,..,..,..,..,..,..,..,..,..,..
"GNI per capita, PPP (current international $)",NY.GNP.PCAP.PP.CD,OECD members,OED,..,..,..,..,..,..,..,..,..,..,16474.659550456,17131.4041379498,17765.7522194448,18222.3782134887,19049.2028668206,19784.358723394,20727.3219140761,21728.2940207751,22356.8332006094,23222.0160635653,24726.1496198296,25495.3690684559,26230.9054932159,26987.1984376134,28464.7136279614,29847.7983692252,31930.2482698312,33281.1796633109,33978.7489961968,33126.9358278423,34570.1266983992,36103.9015623568,37215.998519033,38464.3357698842,39672.9014777082,40710.3546267462,41967.7563238142,43639.5367086299,45320.943443253,46271.7454797539,45067.3117745641
"GNI per capita, PPP (current international $)",NY.GNP.PCAP.PP.CD,Other small states,OSS,..,..,..,..,..,..,..,..,..,..,..,..,..,..,..,..,..,..,..,..,10569.195372657,11182.6675657308,11667.257415087,12262.3888989584,13164.6875858418,13928.2561192308,16295.6208651817,18107.619479725,19517.1674297388,19242.445733964,20547.2138489005,22518.7570869705,23966.0521569288,24478.4661841888,24390.1676079537,21171.0633625943,20724.0496935338,22162.4623454485,22546.2053701129,22926.6715628648,21578.7355439128
"GNI per capita, PPP (current international $)",NY.GNP.PCAP.PP.CD,Pacific island small states,PSS,..,..,..,..,..,..,..,..,..,..,2865.20215427307,2899.56025778253,3080.35029874809,3171.23550199731,3321.43336007798,3522.96850791801,3654.5328327471,3612.42465093161,3653.2616533435,3871.90057733051,3980.84541376006,4002.1640094866,4140.16618647802,4206.0392294808,4459.39201075747,4660.38257457597,4677.49398674086,4821.38765954746,4905.81812702099,4883.62760933426,4962.11198416689,5163.28735644578,5349.96728900225,5753.1978867955,6329.12848933851,6724.05700453424,6855.40157892821,7070.46288144066,7422.46997345944,7455.83050447306,6699.54950515939
"GNI per capita, PPP (current international $)",NY.GNP.PCAP.PP.CD,Post-demographic dividend,PST,..,..,..,..,..,..,..,..,..,..,17912.4660361345,18610.9177962474,19244.9294542272,19715.5344256123,20608.6583340256,21446.0177252713,22419.8901840837,23483.7776555469,24347.4931042655,25402.5142806914,27088.6577515386,28070.3803797406,28964.2026641523,29899.1748326683,31574.9642474175,33151.5415465096,35427.9832663886,36952.2860710206,37669.5275756732,36697.4264230514,38265.5422106335,39837.8394560914,41071.2832459295,42487.6740697075,43721.2081724453,44781.7695948891,46139.2671787093,48096.6088220617,50120.9798307626,51424.8851884029,50105.8901745739
"GNI per capita, PPP (current international $)",NY.GNP.PCAP.PP.CD,Pre-demographic dividend,PRE,..,..,..,..,..,..,..,..,..,..,1380.30158412642,1410.16166064147,1412.30194971679,1438.6119203728,1441.49151557888,1509.62660813218,1563.59171860184,1663.86790158926,1772.67291620956,1851.11136013092,1928.02741488969,2013.26923064886,2068.10801990706,1979.02303827935,2248.06303462917,2343.44807085428,2574.51152569165,2708.54600957583,2879.99796459114,2938.90405869124,3053.52260360403,3165.72242233513,3260.66567074618,3379.91768850122,3522.53094075967,3354.49968751706,3371.69123162965,3435.83110972989,3492.75265772423,3592.5885128172,3416.76196849933
"GNI per capita, PPP (current international $)",NY.GNP.PCAP.PP.CD,Small states,SST,..,..,..,..,..,..,..,..,..,..,..,..,..,..,..,..,..,..,..,..,9794.61901088439,10307.3422129765,10770.3534759111,11364.1784504063,12208.3746440105,12912.5526610688,14888.2915049058,16403.6936097711,17554.4396443077,17260.1608362036,18318.8587533731,19805.7762432629,20958.696180499,21466.6216997283,21473.2928276809,19097.7183245289,18755.929010237,19987.9751723519,20376.7043107618,20767.0008630114,19473.4231851872
"GNI per capita, PPP (current international $)",NY.GNP.PCAP.PP.CD,South Asia,SAS,..,..,..,..,..,..,..,..,..,..,1230.80652114226,1267.07314881032,1341.43178277693,1403.73136430289,1489.35965709336,1594.18112671807,1701.39977647924,1761.83742637903,1843.61159193607,1979.29661052485,2061.64976186785,2163.65055458976,2240.66642900606,2406.96047072643,2616.96136641612,2854.5707546407,3116.62055963115,3387.74141788125,3507.36370132584,3724.84092403428,3984.14769600016,4223.54936648575,4542.63963528136,4722.50141019933,4897.18459791459,5104.51282619852,5375.61717174066,5727.57381905512,6169.48195822657,6462.29505193857,6094.63350842327
"GNI per capita, PPP (current international $)",NY.GNP.PCAP.PP.CD,South Asia (IDA & IBRD),TSA,..,..,..,..,..,..,..,..,..,..,1230.80652114226,1267.07314881032,1341.43178277693,1403.73136430289,1489.35965709336,1594.18112671807,1701.39977647924,1761.83742637903,1843.61159193607,1979.29661052485,2061.64976186785,2163.65055458976,2240.66642900606,2406.96047072643,2616.96136641612,2854.5707546407,3116.62055963115,3387.74141788125,3507.36370132584,3724.84092403428,3984.14769600016,4223.54936648575,4542.63963528136,4722.50141019933,4897.18459791459,5104.51282619852,5375.61717174066,5727.57381905512,6169.48195822657,6462.29505193857,6094.63350842327
"GNI per capita, PPP (current international $)",NY.GNP.PCAP.PP.CD,Sub-Saharan Africa,SSF,..,..,..,..,..,..,..,..,..,..,1695.58560329289,1728.68600147525,1686.72905855434,1684.9360762631,1700.90446135281,1776.90807879287,1834.37098871704,1898.95247779377,1912.24285757129,1938.19333326923,1967.49546527613,2053.91237005022,2159.83343946564,2230.04646090921,2374.43583100794,2533.79617365712,2746.92315872908,2890.00347754831,3007.39333847852,3043.96615372967,3154.5278275151,3273.51430905845,3287.19525241425,3449.8255128724,3656.27808509625,3667.42742053917,3713.23556217679,3751.77804838232,3832.01572625318,3917.52438579807,3795.43148788525
"GNI per capita, PPP (current international $)",NY.GNP.PCAP.PP.CD,Sub-Saharan Africa (excluding high income),SSA,..,..,..,..,..,..,..,..,..,..,1694.64231411078,1727.69495050679,1685.63145893508,1683.75988689354,1699.72862502709,1775.80280149981,1833.20348045019,1897.62146289576,1910.82653151365,1936.77710047551,1966.08077025098,2052.50744646414,2158.55896421923,2228.81471685404,2373.14388220472,2532.36940974533,2745.35282283642,2888.41020760703,3005.89210211707,3042.48615195074,3152.95874098368,3271.92633829227,3285.55422102589,3448.13262302721,3654.50901937592,3665.6502255462,3711.38389529912,3749.81841063976,3829.88900591189,3915.42688941069,3793.66882111527
"GNI per capita, PPP (current international $)",NY.GNP.PCAP.PP.CD,Sub-Saharan Africa (IDA & IBRD countries),TSS,..,..,..,..,..,..,..,..,..,..,1695.58560329289,1728.68600147525,1686.72905855433,1684.93607626309,1700.90446135281,1776.90807879287,1834.37098871704,1898.95247779377,1912.24285757129,1938.19333326923,1967.49546527613,2053.91237005022,2159.83343946564,2230.04646090921,2374.43583100794,2533.79617365712,2746.92315872908,2890.00347754831,3007.39333847852,3043.96615372967,3154.5278275151,3273.51430905845,3287.19525241425,3449.8255128724,3656.27808509625,3667.42742053917,3713.23556217679,3751.77804838232,3832.01572625318,3917.52438579807,3795.43148788525
"GNI per capita, PPP (current international $)",NY.GNP.PCAP.PP.CD,Upper middle income,UMC,..,..,..,..,..,..,..,..,..,..,3195.69496681391,3335.17941709389,3436.52305820466,3620.14133612148,3791.24883130657,3955.6169743513,4184.48398275347,4446.31915338541,4472.06344206902,4658.25063254924,5067.09109272485,5328.02436017329,5634.86143824307,6035.18848801897,6677.86251981286,7359.33776232242,8392.3202860925,9413.27416511316,10369.7275101473,10656.0088492905,11558.9365204692,12554.1870150854,13401.9193230739,14083.4582016838,14630.4028379383,14685.7664673711,15134.9001831493,15977.2121794906,17008.8190993894,17832.945231457,17801.0277222431
"GNI per capita, PPP (current international $)",NY.GNP.PCAP.PP.CD,World,WLD,..,..,..,..,..,..,..,..,..,..,5484.10309312129,5697.53182472156,5868.04698854533,6032.76464573398,6269.46769331224,6514.05342748272,6806.39892265146,7106.73279371701,7247.51126285054,7498.80950961124,7965.89342269563,8249.26476357249,8520.431640256,8880.62042332145,9487.28731140799,10090.4866644318,10960.1577311205,11696.8008959227,12205.2221266882,12162.0095616319,12818.4472786824,13509.784090893,14078.1702931807,14567.0498711806,14979.3129146474,15101.0161567747,15488.7390607601,16159.748793075,16927.4844251066,17460.9690868536,17055.3187676726
,,,,,,,,,,,,,,,,,,,,,,,,,,,,,,,,,,,,,,,,,,,,
,,,,,,,,,,,,,,,,,,,,,,,,,,,,,,,,,,,,,,,,,,,,
,,,,,,,,,,,,,,,,,,,,,,,,,,,,,,,,,,,,,,,,,,,,
Data from database: World Development Indicators,,,,,,,,,,,,,,,,,,,,,,,,,,,,,,,,,,,,,,,,,,,,
Last Updated: 02/15/2022,,,,,,,,,,,,,,,,,,,,,,,,,,,,,,,,,,,,,,,,,,,,
